# x_m,y_m,w_tr_right_m,w_tr_left_m,grad_tan
0,0,3.285302304,3.296474224,0
0.485479,0,3.251591642,3.270475747,0
0.969632,0.00049,3.263846149,3.250017073,0
1.454693,0.001399,3.25230857,3.277043916,0
1.939336,0.003215,3.254856589,3.260386531,0
2.424469,0.006359,3.291172891,3.260964179,0
2.909184,0.01041,3.284741431,3.266290313,0
3.393899,0.014462,3.265854974,3.254797471,0
3.878195,0.019422,3.297511102,3.287376683,0
4.363401,0.0248,3.251722304,3.287425448,0
4.848606,0.030178,3.271937218,3.277164972,0
5.332975,0.037373,3.269077923,3.266906616,0
5.817762,0.04366,3.288275839,3.291616683,0
6.302131,0.050855,3.289759995,3.277628609,0
6.787408,0.058468,3.25934363,3.297877156,0
7.271777,0.065663,3.27448822,3.294641666,0
7.756636,0.074184,3.27227931,3.267825181,0
8.241913,0.081798,3.282315651,3.277320095,0
8.725864,0.089901,3.285468242,3.267334088,0
9.210723,0.098422,3.287734334,3.28114014,0
9.695582,0.106944,3.263801254,3.289831234,0
10.180441,0.115465,3.283985134,3.287293745,0
10.66481,0.12266,3.2827549,3.256276812,0
11.149669,0.131182,3.258130587,3.2911197,0
11.634947,0.138795,3.255949884,3.251257525,0
12.119316,0.14599,3.274918203,3.270721444,0
12.603685,0.153185,3.297987198,3.286570373,0
13.088472,0.159471,3.267019286,3.2890687,0
13.572841,0.166666,3.279263388,3.268364296,0
14.058046,0.172044,3.261190597,3.287243393,0
14.543251,0.177423,3.287563353,3.294613359,0
15.027548,0.182383,3.262754756,3.262130169,0
15.512263,0.186434,3.275297853,3.256479849,0
15.996978,0.190486,3.284953836,3.261253394,0
16.482111,0.193629,3.294545163,3.267500696,0
16.966754,0.195446,3.297964571,3.264354231,0
17.451815,0.196354,3.277360776,3.2963744,0
17.936876,0.197263,3.256931222,3.252565688,0
18.421446,0.196845,3.2574647,3.279633338,0
18.906435,0.195518,3.262875413,3.258144945,0
19.390934,0.192865,3.292035863,3.291920288,0
19.875851,0.189304,3.262714109,3.258378047,0
20.360277,0.184416,3.290714241,3.275110031,0
20.845122,0.178619,3.262176248,3.299966474,0
21.329476,0.171497,3.296463181,3.267770358,0
21.815157,0.163883,3.267499188,3.252353885,0
22.299512,0.156761,3.259829763,3.260683029,0
22.783866,0.149638,3.262554193,3.269891956,0
23.269201,0.145168,3.280802234,3.266683409,0
23.75321,0.141188,3.273664442,3.261480127,0
24.238199,0.139862,3.267582975,3.296806009,0
24.722842,0.141679,3.291541431,3.284159439,0
25.208047,0.147057,3.279263205,3.29810569,0
25.692488,0.156487,3.27748618,3.271898659,0
26.177563,0.171713,3.295859683,3.297016833,0
26.661874,0.190991,3.264291951,3.250291716,0
27.145984,0.217882,3.287860011,3.280515352,0
27.629819,0.250151,3.287686455,3.290053788,0
28.112544,0.289615,3.269022292,3.261649077,0
28.595068,0.336692,3.278391082,3.296623434,0
29.076899,0.390056,3.253792714,3.288163139,0
29.558038,0.449706,3.252697506,3.291322477,0
30.038485,0.515643,3.276539878,3.278673179,0
30.517822,0.588775,3.288958362,3.289629083,0
30.995976,0.666867,3.296700534,3.26645206,0
31.47302,0.752154,3.25649531,3.261173099,0
31.949791,0.842819,3.278441183,3.265619317,0
32.42496,0.939352,3.273469532,3.279226174,0
32.898111,1.042663,3.250595103,3.291495707,0
33.370152,1.153168,3.266856132,3.264523125,0
33.841083,1.270868,3.258109115,3.27012772,0
34.308668,1.395835,3.289714227,3.293102865,0
34.775634,1.529324,3.265560752,3.280736978,0
35.239254,1.67008,3.276426657,3.299559389,0
35.700438,1.818521,3.258282436,3.260184944,0
36.158766,1.975556,3.280099097,3.291360454,0
36.615076,2.139367,3.263148564,3.283793081,0
37.068532,2.311772,3.282703955,3.262447474,0
37.518642,2.491444,3.284460725,3.273789281,0
37.966733,2.677893,3.28740758,3.269953761,0
38.410571,2.87119,3.27252708,3.279971912,0
38.851972,3.072173,3.254191069,3.290026138,0
39.290446,3.279515,3.261448848,3.255253439,0
39.725993,3.493215,3.295666868,3.29107211,0
40.157704,3.712856,3.257618901,3.292054317,0
40.586489,3.938855,3.291290849,3.267725312,0
41.012765,4.170305,3.276917122,3.271503473,0
41.435205,4.407695,3.299806736,3.278611961,0
41.855137,4.650536,3.253908776,3.285041237,0
42.272487,4.896591,3.272133913,3.287123488,0
42.689838,5.142647,3.255332639,3.287894208,0
43.108515,5.388213,3.298094904,3.269456438,0
43.529283,5.629237,3.250231711,3.271465124,0
43.952141,5.865719,3.288745523,3.297817233,0
44.380508,6.092626,3.290865161,3.278648568,0
44.813056,6.31045,3.293434735,3.292486103,0
45.251112,6.5187,3.254221792,3.263817266,0
45.693767,6.716958,3.269989132,3.281116181,0
46.14144,6.904315,3.26299352,3.279418084,0
46.592387,7.08217,3.290003424,3.298173423,0
47.047442,7.248707,3.271570691,3.254295135,0
47.505771,7.405741,3.29553238,3.275024945,0
47.967791,7.552366,3.259092351,3.276079484,0
48.433502,7.68858,3.263190146,3.2545083,0
48.901577,7.814873,3.257276949,3.295233324,0
49.372018,7.931247,3.256803428,3.294219447,0
49.844823,8.037701,3.29346461,3.271949483,0
50.319156,8.136051,3.278985229,3.289086131,0
50.796345,8.225808,3.27749301,3.257423251,0
51.273735,8.307951,3.25724774,3.280990796,0
51.752654,8.381991,3.292651556,3.263031184,0
52.233173,8.450163,3.281102757,3.272282811,0
52.713475,8.51163,3.267547619,3.292199976,0
53.195307,8.564994,3.275662477,3.259810246,0
53.678666,8.610255,3.270090402,3.265192581,0
54.161737,8.646575,3.253798335,3.274164728,0
54.645357,8.67214,3.261995808,3.266890602,0
55.129942,8.68604,3.256165947,3.289924291,0
55.615075,8.689183,3.259195389,3.299374379,0
56.100194,8.678008,3.261997626,3.257952378,0
56.583553,8.653915,3.270863353,3.261843989,0
57.067389,8.61683,3.252482722,3.285111832,0
57.549465,8.566825,3.295135805,3.268773583,0
58.029782,8.503902,3.297239359,3.298685245,0
58.508831,8.429386,3.274543205,3.298615278,0
58.98612,8.341951,3.274462632,3.282184902,0
59.460814,8.243413,3.26688597,3.293004944,0
59.930951,8.128467,3.295002692,3.27009417,0
60.397787,7.994387,3.268462339,3.28159654,0
60.855871,7.838664,3.255560138,3.299261832,0
61.305476,7.655921,3.289012603,3.27797387,0
61.742551,7.445393,3.269486942,3.296679596,0
62.163463,7.205407,3.262084564,3.28601716,0
62.569264,6.940852,3.270195607,3.274201926,0
62.961425,6.655707,3.254822726,3.281951555,0
63.340999,6.35486,3.256598665,3.294381843,0
63.7112,6.040892,3.29710253,3.259936838,0
64.071683,5.716946,3.297806727,3.269768314,0
64.423356,5.38344,3.27876043,3.299608765,0
64.762096,5.037376,3.252988977,3.270117581,0
65.083706,4.673519,3.261738996,3.282942824,0
65.380992,4.290759,3.267657929,3.295067406,0
65.648993,3.887914,3.291059702,3.299769089,0
65.884076,3.463311,3.250770172,3.282658164,0
66.082824,3.021982,3.25215119,3.255421821,0
66.240277,2.562745,3.258449501,3.251805702,0
66.351691,2.091122,3.282455774,3.280904562,0
66.414974,1.611655,3.286586119,3.278357218,0
66.436487,1.127272,3.282387298,3.298098233,0
66.428456,0.642499,3.272546185,3.287305273,0
66.400311,0.158376,3.277350445,3.283125805,0
66.363226,-0.32546,3.26481604,3.276165666,0
66.322161,-0.807825,3.28723464,3.262994714,0
66.27481,-1.290881,3.259447751,3.298099688,0
66.216774,-1.772251,3.284338772,3.277010202,0
66.146728,-2.251444,3.259175558,3.251513508,0
66.059293,-2.728733,3.26842423,3.284815723,0
65.954541,-3.201884,3.281280928,3.275985808,0
65.828492,-3.669426,3.289011372,3.252951528,0
65.681147,-4.13136,3.254056288,3.294501812,0
65.510342,-4.585377,3.296469299,3.266510112,0
65.314824,-5.028754,3.288785634,3.26148506,0
65.095501,-5.461071,3.274339582,3.255697432,0
64.85377,-5.880584,3.271792929,3.265546136,0
64.591796,-6.289601,3.272339187,3.261421616,0
64.311467,-6.685049,3.265317474,3.282599858,0
64.015436,-7.06791,3.275425433,3.253308006,0
63.702794,-7.438602,3.275538578,3.263771569,0
63.375777,-7.797196,3.290881385,3.264091012,0
63.037946,-8.144255,3.289741571,3.294003313,0
62.690555,-8.482504,3.282215907,3.272216518,0
62.336258,-8.812924,3.268930469,3.287795706,0
61.97589,-9.137332,3.290579023,3.280164819,0
61.611615,-9.458033,3.276641279,3.289163297,0
61.246085,-9.77601,3.267536355,3.255696532,0
60.880974,-10.094895,3.296950078,3.298928194,0
60.515444,-10.412872,3.293797141,3.292429834,0
60.14817,-10.729449,3.277507817,3.252532325,0
59.778733,-11.04372,3.281123754,3.273310092,0
59.404552,-11.352469,3.279352235,3.266282664,0
59.024791,-11.653878,3.260387115,3.281510256,0
58.63945,-11.947949,3.265062317,3.261514958,0
58.24553,-12.230556,3.273546167,3.278994249,0
57.843521,-12.500374,3.261524408,3.280157816,0
57.432096,-12.756912,3.29221544,3.279993955,0
57.012165,-12.999753,3.259738214,3.272421394,0
56.585471,-13.230294,3.261296089,3.251771173,0
56.154596,-13.451752,3.258535402,3.275690742,0
55.719467,-13.66636,3.261383215,3.270386508,0
55.281411,-13.87461,3.271784934,3.255402302,0
54.843009,-14.079717,3.265555114,3.272993781,0
54.402444,-14.282517,3.296168982,3.272544138,0
53.962716,-14.487133,3.27151037,3.277557017,0
53.523405,-14.692658,3.259240816,3.290270216,0
53.084931,-14.899999,3.295244048,3.285042504,0
52.646529,-15.105106,3.298987419,3.293611775,0
52.205546,-15.306997,3.271943499,3.252609608,0
51.762055,-15.503438,3.255555961,3.260984066,0
51.314872,-15.689469,3.262903235,3.272982101,0
50.863089,-15.865507,3.270435992,3.29792668,0
50.405943,-16.027502,3.279744804,3.289502268,0
49.943087,-16.172309,3.263110587,3.27259373,0
49.475501,-16.297277,3.280142154,3.266671409,0
49.001024,-16.400097,3.285560789,3.252954766,0
48.524051,-16.483149,3.261087337,3.287045265,0
48.043604,-16.549086,3.255870883,3.275339726,0
47.561427,-16.599306,3.264833794,3.259996271,0
47.078284,-16.637862,3.265938915,3.271359678,0
46.594102,-16.666988,3.271208338,3.258434514,0
46.109719,-16.688501,3.275392914,3.28758473,0
45.625062,-16.704635,3.25427579,3.268417542,0
45.140477,-16.718535,3.263124112,3.29709089,0
44.655891,-16.732434,3.290050731,3.250858627,0
44.171724,-16.747243,3.251461014,3.291452795,0
43.687067,-16.763377,3.296442707,3.281329549,0
43.20241,-16.779512,3.286516543,3.276937326,0
42.718171,-16.796555,3.274430449,3.282525382,0
42.233441,-16.814924,3.278926253,3.286331477,0
41.74962,-16.832875,3.261864179,3.254724428,0
41.264473,-16.850337,3.272942441,3.293878697,0
40.779744,-16.868706,3.298154427,3.250718107,0
40.295504,-16.885749,3.277340286,3.264715131,0
39.810847,-16.901884,3.276056792,3.258995744,0
39.32619,-16.918018,3.261579719,3.296314713,0
38.841605,-16.931918,3.274444887,3.253409022,0
38.357019,-16.945817,3.281203004,3.279054661,0
37.872506,-16.957482,3.283956777,3.281857561,0
37.388065,-16.966912,3.269775761,3.282563463,0
36.903206,-16.975434,3.268371832,3.293231101,0
36.418837,-16.982629,3.2993991,3.252797626,0
35.933632,-16.988007,3.251886943,3.290842759,0
35.449335,-16.992967,3.2942584,3.276446123,0
34.963784,-16.995202,3.295664341,3.284717528,0
34.479141,-16.997018,3.289809194,3.260620245,0
33.994989,-16.997509,3.254935614,3.277163997,0
33.509509,-16.997509,3.263093559,3.285126014,0
33.025429,-16.995764,3.266767842,3.297821728,0
32.539604,-16.992621,3.283986398,3.272227108,0
32.055595,-16.988641,3.256827657,3.254269892,0
31.570679,-16.98508,3.286061375,3.252867007,0
31.085834,-16.979283,3.255338093,3.281472524,0
30.600989,-16.973487,3.282687867,3.289808953,0
30.116635,-16.966364,3.274708697,3.284559567,0
29.631372,-16.959659,3.288952586,3.267265393,0
29.147507,-16.95121,3.285751854,3.297340833,0
28.662317,-16.94227,3.295186028,3.276009516,0
28.177126,-16.933331,3.294546125,3.297690651,0
27.692844,-16.923973,3.266708153,3.253679782,0
27.208143,-16.913707,3.284937292,3.260351597,0
26.723861,-16.904349,3.259890491,3.288751391,0
26.23916,-16.894083,3.251527047,3.295709391,0
25.754041,-16.882909,3.287203713,3.289127532,0
25.269341,-16.872642,3.275001122,3.26477671,0
24.78464,-16.862376,3.273996107,3.257592286,0
24.299522,-16.851202,3.295236112,3.292395526,0
23.814821,-16.840936,3.280493332,3.28924273,0
23.331029,-16.830251,3.280883319,3.263541575,0
22.84591,-16.819077,3.292972115,3.261390535,0
22.36121,-16.808811,3.290274471,3.266051161,0
21.876091,-16.797636,3.278836076,3.29147809,0
21.392299,-16.786952,3.259146123,3.29110911,0
20.90718,-16.775777,3.261996601,3.278534143,0
20.42248,-16.765511,3.294325597,3.278591482,0
19.937779,-16.755245,3.251433708,3.264300914,0
19.452661,-16.74407,3.274495069,3.284956678,0
18.96796,-16.733804,3.258396357,3.289812897,0
18.483259,-16.723538,3.298934032,3.272079453,0
17.998977,-16.71418,3.285634724,3.272310781,0
17.514277,-16.703914,3.275023581,3.27328312,0
17.029994,-16.694556,3.273554419,3.263951959,0
16.544385,-16.684708,3.252980943,3.283768766,0
16.060103,-16.675351,3.284098595,3.295183226,0
15.57533,-16.667319,3.252121557,3.295426295,0
15.091048,-16.657962,3.253572273,3.287359847,0
14.606275,-16.64993,3.276082492,3.263025575,0
14.121503,-16.641899,3.254836501,3.284481892,0
13.63673,-16.633868,3.290907428,3.256591533,0
13.152376,-16.626745,3.290877355,3.256175042,0
12.666694,-16.619132,3.28612198,3.259545143,0
12.182758,-16.612918,3.257493272,3.257286605,0
11.697495,-16.606213,3.282980263,3.279252181,0
11.212651,-16.600416,3.275929747,3.253668085,0
10.728224,-16.595529,3.298648728,3.291116311,0
10.243379,-16.589732,3.282449575,3.286145149,0
9.758044,-16.585262,3.290016529,3.296292902,0
9.274036,-16.581283,3.272689885,3.27463193,0
8.789119,-16.577721,3.271619575,3.282744145,0
8.30462,-16.575068,3.29126569,3.294506174,0
7.819213,-16.572833,3.254173491,3.276926279,0
7.334715,-16.57018,3.25665855,3.264110258,0
6.849726,-16.568854,3.258669431,3.298797876,0
6.364737,-16.567527,3.26954689,3.251821276,0
5.879748,-16.566201,3.291568987,3.266312229,0
5.395177,-16.565783,3.29016822,3.298650681,0
4.910606,-16.565365,3.253023559,3.268251631,0
4.426454,-16.565855,3.269962889,3.265457481,0
3.940975,-16.565855,3.276343792,3.256045619,0
3.455914,-16.566763,3.270839973,3.295788285,0
2.970853,-16.567672,3.282842995,3.25677391,0
2.487118,-16.56907,3.281398668,3.266605895,0
2.002057,-16.569979,3.264599204,3.294873995,0
1.516506,-16.572213,3.271582559,3.274982439,0
1.031863,-16.57403,3.250774356,3.280764412,0
0.54722,-16.575847,3.299203186,3.279156648,0
0.062996,-16.578572,3.25835842,3.284912696,0
-0.422556,-16.580807,3.255310817,3.251466617,0
-0.907199,-16.582624,3.268620487,3.276394134,0
-1.391423,-16.585349,3.25990592,3.251603642,0
-1.876556,-16.588492,3.274484382,3.291357116,0
-2.361199,-16.590309,3.266974671,3.26699931,0
-2.846332,-16.593452,3.297581523,3.292335548,0
-3.330557,-16.596177,3.296016602,3.262303478,0
-3.816108,-16.598412,3.25263385,3.279074563,0
-4.300333,-16.601137,3.286892905,3.296883844,0
-4.785466,-16.604281,3.263455971,3.252389365,0
-5.270109,-16.606097,3.271141781,3.252698883,0
-5.754334,-16.608823,3.277393545,3.251030902,0
-6.239885,-16.611058,3.297136849,3.284073926,0
-6.724528,-16.612874,3.270887205,3.279931426,0
-7.209171,-16.614691,3.299152623,3.255701502,0
-7.693813,-16.616508,3.265072747,3.289812268,0
-8.178456,-16.618325,3.285054938,3.280892529,0
-8.663099,-16.620141,3.283316943,3.253510676,0
-9.14816,-16.62105,3.276956323,3.253463949,0
-9.633221,-16.621958,3.284905276,3.256800369,0
-10.118282,-16.622866,3.283326396,3.289444566,0
-10.602435,-16.623357,3.258906623,3.254619923,0
-11.087914,-16.623357,3.25640072,3.26189344,0
-11.572067,-16.623847,3.29995402,3.262182396,0
-12.056637,-16.623429,3.258556053,3.255241111,0
-12.542535,-16.62252,3.251630041,3.292917638,0
-13.027105,-16.622102,3.27805999,3.284909988,0
-13.511186,-16.620358,3.294093325,3.286687107,0
-13.996175,-16.619031,3.283458765,3.282526531,0
-14.481582,-16.616796,3.259521663,3.275813528,0
-14.966081,-16.614143,3.268445827,3.266319407,0
-15.450579,-16.61149,3.273036297,3.28308881,0
-15.935496,-16.607929,3.299081898,3.255878274,0
-16.420413,-16.604367,3.257820248,3.257390871,0
-16.90533,-16.600806,3.29277614,3.250988233,0
-17.389756,-16.595918,3.282238227,3.298214587,0
-17.875091,-16.591448,3.268813611,3.298518645,0
-18.359518,-16.58656,3.259546185,3.256193025,0
-18.844781,-16.579855,3.27141265,3.273370501,0
-19.328717,-16.573641,3.274101103,3.2828347,0
-19.81398,-16.566936,3.256030581,3.264509278,0
-20.298752,-16.558905,3.279475374,3.287726832,0
-20.783107,-16.551782,3.261309384,3.277905903,0
-21.268298,-16.542842,3.269230956,3.27138963,0
-21.75258,-16.533485,3.279149319,3.263359703,0
-22.236863,-16.524127,3.262590306,3.287686804,0
-22.721563,-16.513861,3.264522033,3.294918816,0
-23.206264,-16.503595,3.280854544,3.286422202,0
-23.691382,-16.49242,3.263264045,3.270341507,0
-24.175593,-16.480827,3.291218813,3.296915792,0
-24.660711,-16.469653,3.29913317,3.262771373,0
-25.14534,-16.457152,3.28651244,3.276658162,0
-25.629968,-16.444651,3.26719385,3.297737744,0
-26.114597,-16.43215,3.279203467,3.263387377,0
-26.599643,-16.41874,3.255388451,3.262504231,0
-27.083363,-16.405821,3.295315408,3.296383636,0
-27.56841,-16.392412,3.293982686,3.253429117,0
-28.052548,-16.378584,3.290888028,3.264970019,0
-28.538013,-16.364266,3.2630364,3.279579177,0
-29.022151,-16.350439,3.279717813,3.260164957,0
-29.506707,-16.335703,3.25112563,3.28179416,0
-29.991264,-16.320967,3.271262966,3.289918513,0
-30.475402,-16.307139,3.265635944,3.275085053,0
-30.960867,-16.292821,3.258074237,3.282540607,0
-31.445423,-16.278085,3.258938309,3.289797749,0
-31.929979,-16.26335,3.271144284,3.261668688,0
-32.414536,-16.248614,3.254711467,3.280041947,0
-32.899092,-16.233878,3.279926183,3.255623119,0
-33.383648,-16.219142,3.273546213,3.275788283,0
-33.868205,-16.204406,3.284797466,3.291892035,0
-34.352343,-16.190578,3.284994392,3.296039505,0
-34.836899,-16.175842,3.281926538,3.274911396,0
-35.322364,-16.161524,3.251680192,3.263880556,0
-35.806502,-16.147697,3.253440305,3.282625998,0
-36.29064,-16.133869,3.265979987,3.29586494,0
-36.775687,-16.12046,3.276543214,3.275491973,0
-37.259825,-16.106632,3.282722285,3.298709574,0
-37.744872,-16.093223,3.27038096,3.259863947,0
-38.2295,-16.080722,3.290999061,3.255559249,0
-38.714547,-16.067312,3.285917947,3.264867715,0
-39.198267,-16.054393,3.298432467,3.269820927,0
-39.682895,-16.041892,3.276566695,3.271037784,0
-40.167524,-16.029391,3.266257284,3.265573768,0
-40.65306,-16.017308,3.25528146,3.284692159,0
-41.137271,-16.005715,3.280547933,3.254593592,0
-41.621899,-15.993214,3.288940112,3.270104431,0
-42.106109,-15.981622,3.271172646,3.26475904,0
-42.591646,-15.969539,3.254541164,3.265324839,0
-43.075857,-15.957946,3.263323575,3.255278057,0
-43.560067,-15.946353,3.257682836,3.27969138,0
-44.045186,-15.935179,3.264050265,3.264136376,0
-44.530304,-15.924004,3.272004257,3.257761081,0
-45.014514,-15.912412,3.276357137,3.250032933,0
-45.499215,-15.902146,3.272871218,3.264179771,0
-45.983425,-15.890553,3.29376858,3.277540544,0
-46.468544,-15.879378,3.275902605,3.29354511,0
-46.953245,-15.869112,3.297181131,3.252112671,0
-47.437945,-15.858846,3.281885455,3.295236099,0
-47.923064,-15.847672,3.297884697,3.256548704,0
-48.406856,-15.836987,3.262035352,3.291686447,0
-48.891556,-15.826721,3.283806115,3.290023419,0
-49.376257,-15.816455,3.264453229,3.295894005,0
-49.861376,-15.80528,3.283590408,3.256865183,0
-50.346076,-15.795014,3.284757025,3.275236616,0
-50.830777,-15.784748,3.253399638,3.270247924,0
-51.315477,-15.774482,3.262739508,3.258678608,0
-51.800178,-15.764216,3.261202002,3.278759181,0
-52.284878,-15.75395,3.283391636,3.280310897,0
-52.769579,-15.743684,3.292219608,3.260722287,0
-53.254279,-15.733417,3.267223121,3.275996613,0
-53.73898,-15.723151,3.289025983,3.29945929,0
-54.22368,-15.712885,3.283766603,3.274495758,0
-54.708381,-15.702619,3.250335766,3.284743661,0
-55.193081,-15.692353,3.280108524,3.270571091,0
-55.677782,-15.682087,3.26933856,3.251738837,0
-56.162483,-15.671821,3.295799562,3.264641578,0
-56.647183,-15.661554,3.250057553,3.290072087,0
-57.131884,-15.651288,3.273122458,3.2673251,0
-57.615676,-15.640604,3.271217452,3.254165797,0
-58.100794,-15.629429,3.273045818,3.275555319,0
-58.585495,-15.619163,3.288507986,3.26834167,0
-59.070614,-15.607989,3.26612359,3.286973975,0
-59.554824,-15.596396,3.289236965,3.276237008,0
-60.039943,-15.585222,3.273567858,3.290226044,0
-60.524153,-15.573629,3.251788137,3.290845559,0
-61.009272,-15.562454,3.258793721,3.259473574,0
-61.4939,-15.549953,3.286087902,3.256184673,0
-61.978528,-15.537452,3.2736743,3.291049824,0
-62.463157,-15.524951,3.25763606,3.281894881,0
-62.947785,-15.51245,3.26705623,3.25080599,0
-63.431924,-15.498623,3.280369461,3.294797731,0
-63.91697,-15.485213,3.259587263,3.275768753,0
-64.401108,-15.471386,3.286921342,3.277226097,0
-64.885665,-15.45665,3.26214248,3.28032211,0
-65.370221,-15.441914,3.295871217,3.288021811,0
-65.855196,-15.426269,3.263453079,3.292767344,0
-66.34017,-15.410625,3.288275001,3.269143422,0
-66.824236,-15.394563,3.259433099,3.254232459,0
-67.30872,-15.377592,3.264374909,3.286693665,0
-67.793205,-15.360621,3.254555673,3.266599467,0
-68.277199,-15.342323,3.278810469,3.291987477,0
-68.762101,-15.324444,3.284168162,3.268586165,0
-69.246513,-15.305238,3.277329656,3.291410764,0
-69.730925,-15.286033,3.271286442,3.258825931,0
-70.214847,-15.2655,3.282222139,3.256475993,0
-70.700096,-15.244478,3.282380882,3.293994179,0
-71.183527,-15.222619,3.283950838,3.252203956,0
-71.668286,-15.20027,3.281789336,3.284336001,0
-72.152135,-15.177503,3.297258706,3.286688645,0
-72.636403,-15.153827,3.260446746,3.271858622,0
-73.121089,-15.129243,3.285464085,3.268991946,0
-73.604867,-15.104241,3.261811529,3.298982872,0
-74.089063,-15.078331,3.255969812,3.269949671,0
-74.573259,-15.05242,3.280365197,3.272009346,0
-75.056965,-15.025183,3.272506885,3.257840394,0
-75.541088,-14.997038,3.272936275,3.266301714,0
-76.024794,-14.969801,3.283097238,3.265703096,0
-76.508918,-14.941655,3.288514276,3.294725033,0
-76.992623,-14.914418,3.267510901,3.262351209,0
-77.476747,-14.886273,3.28310048,3.265533951,0
-77.961779,-14.858546,3.270807929,3.270443445,0
-78.445485,-14.831309,3.292096458,3.285400545,0
-78.929191,-14.804072,3.291645841,3.25718188,0
-79.412896,-14.776835,3.26282205,3.293566103,0
-79.897092,-14.750924,3.280673037,3.254157795,0
-80.381288,-14.725014,3.279112458,3.273086892,0
-80.865974,-14.70043,3.277036967,3.251519451,0
-81.349752,-14.675428,3.293497052,3.287660027,0
-81.833602,-14.65266,3.263238951,3.285002133,0
-82.31836,-14.630311,3.265903704,3.260725612,0
-82.8027,-14.608871,3.255960727,3.283995234,0
-83.28753,-14.588757,3.296991474,3.277864634,0
-83.771524,-14.570459,3.282277594,3.292533945,0
-84.256427,-14.55258,3.273973161,3.277928275,0
-84.740493,-14.536517,3.281965848,3.295088683,0
-85.225049,-14.521781,3.277235806,3.270975885,0
-85.709187,-14.507954,3.282365574,3.267906418,0
-86.194234,-14.494544,3.277194297,3.274449376,0
-86.679353,-14.48337,3.286052331,3.262798107,0
-87.164053,-14.473104,3.276124765,3.296458463,0
-87.648336,-14.463746,3.299685231,3.273337841,0
-88.133108,-14.455715,3.260933832,3.262700393,0
-88.617881,-14.447684,3.255289914,3.271560922,0
-89.102726,-14.441887,3.255484873,3.285126501,0
-89.58757,-14.436091,3.253179569,3.270116493,0
-90.071997,-14.431203,3.270229,3.259092004,0
-90.556914,-14.427641,3.272418646,3.292812556,0
-91.041412,-14.424988,3.268290809,3.279210061,0
-91.526401,-14.423662,3.288175232,3.268678939,0
-92.01139,-14.422335,3.281394819,3.261084727,0
-92.496379,-14.421009,3.288599019,3.260949706,0
-92.980532,-14.421499,3.296642679,3.276111622,0
-93.465593,-14.422407,3.298637043,3.271671136,0
-93.950236,-14.424224,3.259601417,3.287065199,0
-94.434878,-14.426041,3.25694371,3.253522482,0
-94.92043,-14.428276,3.284813317,3.292366672,0
-95.405145,-14.432328,3.254691001,3.283994012,0
-95.889369,-14.435053,3.27627022,3.256832576,0
-96.374993,-14.439523,3.276517211,3.292920109,0
-96.859289,-14.444483,3.293056991,3.259991706,0
-97.343586,-14.449443,3.274242667,3.280366996,0
-97.828791,-14.454821,3.269672818,3.277152249,0
-98.313997,-14.460199,3.283571557,3.258116235,0
-98.798784,-14.466486,3.287062897,3.250282653,0
-99.283571,-14.472772,3.276002623,3.288574257,0
-99.76794,-14.479967,3.267385634,3.288239378,0
-100.252727,-14.486254,3.257499863,3.271053468,0
-100.737096,-14.493449,3.279304603,3.252840659,0
-101.221464,-14.500644,3.263107266,3.27928735,0
-101.706742,-14.508257,3.252222705,3.258707762,0
-102.191111,-14.515452,3.287746663,3.286430533,0
-102.676388,-14.523065,3.262139268,3.276714552,0
-103.160757,-14.53026,3.272120116,3.262653214,0
-103.646034,-14.537873,3.284389804,3.295852837,0
-104.130403,-14.545068,3.267961411,3.287909726,0
-104.614772,-14.552263,3.286817004,3.294351537,0
-105.100049,-14.559876,3.269735374,3.253439909,0
-105.584418,-14.567071,3.284170793,3.25917641,0
-106.069695,-14.574684,3.285202372,3.286853633,0
-106.554064,-14.581879,3.272115271,3.284835743,0
-107.039342,-14.589492,3.250978881,3.288849645,0
-107.52371,-14.596687,3.266542894,3.275095171,0
-108.008079,-14.603882,3.271215475,3.271274841,0
-108.493357,-14.611495,3.263513521,3.280561857,0
-108.977726,-14.61869,3.25985269,3.292788595,0
-109.463003,-14.626303,3.291086059,3.283539855,0
-109.947372,-14.633498,3.27149607,3.276179602,0
-110.432649,-14.641111,3.294388548,3.264940771,0
-110.917018,-14.648306,3.26955915,3.285198454,0
-111.401387,-14.655501,3.288455719,3.269080544,0
-111.886664,-14.663114,3.269839576,3.27838425,0
-112.371033,-14.670309,3.290425705,3.294393048,0
-112.855402,-14.677504,3.287753855,3.292147464,0
-113.340679,-14.685117,3.268869777,3.294939928,0
-113.825048,-14.692312,3.260800946,3.296950155,0
-114.310325,-14.699925,3.289520361,3.290771758,0
-114.794694,-14.70712,3.297465196,3.250067891,0
-115.279481,-14.713407,3.266378272,3.250154535,0
-115.764759,-14.72102,3.283563219,3.254373441,0
-116.249127,-14.728215,3.271932249,3.263036368,0
-116.733496,-14.73541,3.29167503,3.251139934,0
-117.218774,-14.743023,3.288442713,3.271204241,0
-117.703561,-14.749309,3.258362677,3.267053248,0
-118.18793,-14.756504,3.293099024,3.277067697,0
-118.672299,-14.763699,3.299493608,3.296308454,0
-119.157576,-14.771312,3.275721173,3.264924972,0
-119.642363,-14.777599,3.294214051,3.26690424,0
-120.126732,-14.784794,3.279401303,3.292974005,0
-120.612009,-14.792407,3.257737617,3.267023916,0
-121.096796,-14.798694,3.259993141,3.25690602,0
-121.581165,-14.805888,3.270347742,3.275389948,0
-122.065952,-14.812175,3.287435286,3.292832824,0
-122.550321,-14.81937,3.291279191,3.269215681,0
-123.036016,-14.826075,3.289498151,3.284784546,0
-123.520385,-14.83327,3.265926212,3.281395209,0
-124.005172,-14.839556,3.276703206,3.272519408,0
-124.489541,-14.846751,3.254497534,3.273680897,0
-124.974328,-14.853038,3.255585287,3.297485318,0
-125.458697,-14.860233,3.256814627,3.254174878,0
-125.944393,-14.866937,3.283932615,3.263991446,0
-126.42918,-14.873224,3.274758851,3.272350365,0
-126.913549,-14.880419,3.25948552,3.279378563,0
-127.398336,-14.886706,3.274750291,3.293881707,0
-127.883123,-14.892992,3.257380411,3.273455026,0
-128.367492,-14.900187,3.252748707,3.271870924,0
-128.852279,-14.906474,3.292535634,3.287309247,0
-129.337066,-14.91276,3.278027976,3.273395523,0
-129.821853,-14.919047,3.296480443,3.293041368,0
-130.30664,-14.925333,3.28483336,3.273325601,0
-130.791009,-14.932528,3.279139548,3.274905224,0
-131.276704,-14.939233,3.290769861,3.274371533,0
-131.761491,-14.94552,3.293950695,3.261473439,0
-132.24586,-14.952715,3.299445581,3.254277612,0
-132.730647,-14.959001,3.250026119,3.253369166,0
-133.215434,-14.965288,3.29327193,3.294419547,0
-133.699803,-14.972483,3.280628323,3.261658384,0
-134.18508,-14.980096,3.29949751,3.293079788,0
-134.669867,-14.986382,3.276384003,3.285586755,0
-135.154236,-14.993577,3.273976169,3.29364065,0
-135.639513,-15.00119,3.29006738,3.2969001,0
-136.123882,-15.008385,3.261392147,3.256984464,0
-136.608742,-15.016907,3.274904715,3.269695007,0
-137.09311,-15.024102,3.295042624,3.299028141,0
-137.578388,-15.031715,3.278733061,3.282239701,0
-138.062338,-15.039818,3.292258909,3.294820489,0
-138.547198,-15.04834,3.286932015,3.27411152,0
-139.032057,-15.056861,3.279299352,3.250704654,0
-139.516916,-15.065383,3.262336726,3.281144017,0
-140.001775,-15.073904,3.283320811,3.261554768,0
-140.486216,-15.083334,3.254174141,3.276371698,0
-140.970657,-15.092764,3.281297989,3.286249598,0
-141.456006,-15.102612,3.283047228,3.28037079,0
-141.940447,-15.112042,3.286487593,3.279418322,0
-142.425379,-15.122798,3.294537606,3.271671742,0
-142.90982,-15.132228,3.299115161,3.262208645,0
-143.394751,-15.142984,3.288451454,3.271448018,0
-143.879264,-15.154649,3.279072324,3.250508873,0
-144.364195,-15.165405,3.296415653,3.280441072,0
-144.848708,-15.17707,3.279004518,3.297898759,0
-145.333221,-15.188735,3.250849147,3.254772326,0
-145.817316,-15.201308,3.256042979,3.251779528,0
-146.30232,-15.214299,3.293135536,3.294311756,0
-146.787323,-15.227291,3.274214826,3.262347068,0
-147.271418,-15.239864,3.292242784,3.250445753,0
-147.756003,-15.253764,3.260470254,3.290746014,0
-148.240588,-15.267663,3.277614567,3.257024972,0
-148.725664,-15.282889,3.281494169,3.293993322,0
-149.210249,-15.296789,3.251599551,3.254768839,0
-149.693998,-15.312506,3.280735671,3.267628005,0
-150.179073,-15.327732,3.268120573,3.279671028,0
-150.66373,-15.343866,3.252476629,3.279259082,0
-151.14797,-15.360909,3.274478499,3.283384088,0
-151.632209,-15.377952,3.25962552,3.282401356,0
-152.117356,-15.395413,3.256154187,3.271668453,0
-152.601177,-15.413365,3.260274709,3.256987938,0
-153.085907,-15.431734,3.257325746,3.287596475,0
-153.570218,-15.451012,3.259453609,3.26208934,0
-154.054529,-15.47029,3.252132621,3.282522966,0
-154.53884,-15.489568,3.281759896,3.292868703,0
-155.023642,-15.510172,3.264093343,3.254218524,0
-155.507535,-15.530358,3.276929834,3.298604458,0
-155.992336,-15.550963,3.284758152,3.251572997,0
-156.47672,-15.572476,3.274955801,3.291770228,0
-156.961103,-15.593988,3.276790053,3.291785667,0
-157.445486,-15.615501,3.272259158,3.252492875,0
-157.92987,-15.637014,3.256196614,3.27729431,0
-158.413835,-15.659435,3.274517865,3.297158492,0
-158.8978,-15.681856,3.292649908,3.266073653,0
-159.382673,-15.704695,3.29369637,3.29032334,0
-159.86622,-15.728025,3.263514717,3.280069938,0
-160.351094,-15.750864,3.260423068,3.289481023,0
-160.834641,-15.774194,3.278248979,3.289959252,0
-161.319096,-15.797941,3.282015591,3.252478238,0
-161.80397,-15.820781,3.270851448,3.264159932,0
-162.288007,-15.845437,3.260298776,3.282672841,0
-162.771554,-15.868766,3.297396656,3.274482767,0
-163.25601,-15.892514,3.25410356,3.298642612,0
-163.740465,-15.916262,3.255285471,3.287424495,0
-164.224502,-15.940918,3.257102056,3.278392057,0
-164.708958,-15.964665,3.258323022,3.264948208,0
-165.193413,-15.988413,3.281047932,3.262805489,0
-165.677451,-16.013069,3.278685488,3.29432819,0
-166.161906,-16.036817,3.252603895,3.272340043,0
-166.645453,-16.060146,3.296560069,3.290799363,0
-167.129908,-16.083894,3.286433084,3.254916865,0
-167.613946,-16.10855,3.286892083,3.292979673,0
-168.098401,-16.132298,3.253170225,3.25138145,0
-168.582856,-16.156045,3.293022028,3.294957822,0
-169.066404,-16.179375,3.296720256,3.294996775,0
-169.550859,-16.203123,3.299219916,3.2762053,0
-170.035732,-16.225962,3.292946941,3.256009976,0
-170.51928,-16.249291,3.289277949,3.258889705,0
-171.003735,-16.273039,3.275668871,3.28530538,0
-171.48819,-16.296787,3.258880123,3.291567988,0
-171.971737,-16.320116,3.269929475,3.251741691,0
-172.456193,-16.343864,3.256696563,3.287891936,0
-172.940648,-16.367612,3.251544477,3.297855609,0
-173.425104,-16.391359,3.296957085,3.267143526,0
-173.909141,-16.416015,3.265065303,3.281912185,0
-174.393596,-16.439763,3.264776692,3.267150291,0
-174.877634,-16.464419,3.266646814,3.26082357,0
-175.361253,-16.489984,3.273353409,3.289310031,0
-175.84529,-16.51464,3.28240992,3.286154498,0
-176.329817,-16.540622,3.251261409,3.263941945,0
-176.814345,-16.566605,3.292110331,3.279121571,0
-177.297546,-16.593078,3.277951627,3.271050289,0
-177.781655,-16.619969,3.292704997,3.254603435,0
-178.266255,-16.648186,3.26739396,3.251201366,0
-178.749946,-16.675985,3.272301332,3.27455729,0
-179.234546,-16.704203,3.252711974,3.263913351,0
-179.717401,-16.733819,3.258855377,3.266987858,0
-180.201582,-16.762945,3.283140403,3.26436748,0
-180.685836,-16.794306,3.26654145,3.258545162,0
-181.169181,-16.825248,3.294924307,3.269963166,0
-181.653434,-16.856609,3.25590776,3.284882478,0
-182.13727,-16.888878,3.299420896,3.260183822,0
-182.620687,-16.922056,3.276999105,3.283316324,0
-183.104595,-16.95656,3.285345871,3.272153304,0
-183.587176,-16.991554,3.299974581,3.271664763,0
-184.071573,-17.027385,3.264392467,3.258761972,0
-184.554226,-17.064614,3.270726127,3.259660116,0
-185.037788,-17.102261,3.273241997,3.280821067,0
-185.520931,-17.140817,3.288197854,3.26345053,0
-186.004074,-17.179373,3.290910202,3.277983897,0
-186.48729,-17.220163,3.255011077,3.2972392,0
-186.970087,-17.261862,3.258905848,3.285723582,0
-187.453793,-17.303979,3.267981746,3.283960983,0
-187.935754,-17.347495,3.252835234,3.297969029,0
-188.418623,-17.391429,3.276094284,3.288766716,0
-188.901983,-17.43669,3.266792449,3.280386348,0
-189.384506,-17.483767,3.258783451,3.297400118,0
-189.867029,-17.530844,3.260447334,3.252982081,0
-190.349134,-17.57883,3.295257678,3.263435617,0
-190.831312,-17.62905,3.283769559,3.299334002,0
-191.313489,-17.67927,3.27342341,3.288610337,0
-191.795738,-17.731726,3.295606624,3.273767715,0
-192.277079,-17.783763,3.255200579,3.284044978,0
-192.759401,-17.838453,3.287277304,3.270846738,0
-193.240396,-17.893634,3.286813373,3.26900746,0
-193.722299,-17.949233,3.278093071,3.260663519,0
-194.204274,-18.007066,3.259209705,3.269146899,0
-194.684505,-18.066298,3.279860568,3.251483388,0
-195.165644,-18.125949,3.26499685,3.273616053,0
-195.647273,-18.186926,3.256706147,3.266668634,0
-196.128067,-18.249719,3.260630077,3.29879224,0
-196.608441,-18.313421,3.294747084,3.277772177,0
-197.088398,-18.378032,3.253572641,3.292315182,0
-197.568845,-18.443969,3.262124328,3.270403175,0
-198.049364,-18.51214,3.25268772,3.273100908,0
-198.528557,-18.580803,3.272086103,3.291315336,0
-199.00824,-18.650791,3.25066416,3.29956016,0
-199.488413,-18.722106,3.294859568,3.276197382,0
-199.967749,-18.795238,3.25983291,3.296271844,0
-200.446668,-18.869278,3.254668526,3.286951093,0
-200.925169,-18.944227,3.265368345,3.278371503,0
-201.404577,-19.019594,3.272802883,3.298438883,0
-201.88315,-19.096777,3.25508347,3.291224971,0
-202.361304,-19.174869,3.299769486,3.297980464,0
-202.840367,-19.253379,3.266604642,3.282317303,0
-203.318103,-19.33238,3.264867341,3.268978674,0
-203.79633,-19.412706,3.253102261,3.273828734,0
-204.274138,-19.493942,3.264912199,3.295594491,0
-204.751947,-19.575177,3.252317563,3.250742693,0
-205.229755,-19.656412,3.275271407,3.257834692,0
-205.708054,-19.738974,3.288071294,3.273578394,0
-206.185026,-19.822026,3.2815535,3.277149585,0
-206.662906,-19.905496,3.254494583,3.252984552,0
-207.140787,-19.988966,3.254043121,3.282901515,0
-207.617759,-20.072018,3.288862027,3.294481765,0
-208.095639,-20.155488,3.295256737,3.25548163,0
-208.573102,-20.239867,3.276688598,3.271888656,0
-209.050982,-20.323337,3.255457711,3.264011504,0
-209.528444,-20.407715,3.291290443,3.299262316,0
-210.005416,-20.490767,3.266904886,3.280437935,0
-210.483297,-20.574237,3.264698653,3.26268746,0
-210.960759,-20.658616,3.287315671,3.256630736,0
-211.438149,-20.740759,3.250516831,3.277250245,0
-211.91603,-20.82423,3.252422367,3.291390197,0
-212.39391,-20.9077,3.283395806,3.291850314,0
-212.870883,-20.990752,3.280173399,3.291667432,0
-213.349181,-21.073313,3.276305123,3.260185772,0
-213.826153,-21.156365,3.286485472,3.277220885,0
-214.304452,-21.238927,3.285362674,3.293747136,0
-214.781424,-21.321979,3.289068853,3.256050004,0
-215.259723,-21.404541,3.264398849,3.292817538,0
-215.737603,-21.488011,3.284626599,3.294988801,0
-216.214575,-21.571063,3.277833492,3.260893256,0
-216.692874,-21.653625,3.26982604,3.253848954,0
-217.169846,-21.736677,3.253079533,3.273710758,0
-217.647726,-21.820147,3.289008777,3.291751373,0
-218.125189,-21.904525,3.266879193,3.273469675,0
-218.603069,-21.987995,3.280393295,3.270688497,0
-219.080531,-22.072374,3.287062702,3.275137313,0
-219.557085,-22.156334,3.255240662,3.256271998,0
-220.034548,-22.240713,3.256394419,3.256614266,0
-220.51201,-22.325091,3.277477005,3.293523768,0
-220.989054,-22.410378,3.27426147,3.280147509,0
-221.467007,-22.496083,3.294523784,3.263265086,0
-221.944051,-22.58137,3.289948014,3.293240129,0
-222.420677,-22.667565,3.286717054,3.252905473,0
-222.898211,-22.754179,3.252566594,3.272887694,0
-223.374837,-22.840374,3.253644265,3.286110482,0
-223.851954,-22.927896,3.254426373,3.266949958,0
-224.32907,-23.015417,3.289917543,3.270060993,0
-224.805768,-23.103848,3.297150407,3.276348988,0
-225.282466,-23.192278,3.284185779,3.294711786,0
-225.759164,-23.280708,3.256604148,3.288918033,0
-226.235444,-23.370046,3.286136227,3.25346838,0
-226.711724,-23.459385,3.255517674,3.263939226,0
-227.188004,-23.548723,3.255874643,3.268968492,0
-227.664774,-23.639389,3.282035896,3.293233627,0
-228.140636,-23.729635,3.266440711,3.270998018,0
-228.617406,-23.820301,3.282690601,3.261993874,0
-229.09285,-23.911456,3.287456573,3.279882726,0
-229.569202,-24.003029,3.279159287,3.27397022,0
-230.045554,-24.094603,3.287001616,3.294927375,0
-230.521906,-24.186176,3.261741346,3.296735462,0
-230.99784,-24.278658,3.286747877,3.290894342,0
-231.472866,-24.370722,3.298529926,3.285445449,0
-231.949708,-24.463622,3.293346515,3.287161029,0
-232.425224,-24.557012,3.254311726,3.294985489,0
-232.901158,-24.649494,3.268321831,3.25326199,0
-233.376674,-24.742884,3.26845994,3.266795559,0
-233.851771,-24.837183,3.284251424,3.250216754,0
-234.327287,-24.930573,3.279897082,3.29140478,0
-234.803293,-25.02529,3.289468197,3.275371769,0
-235.278809,-25.11868,3.268382646,3.268308122,0
-235.754815,-25.213396,3.260301393,3.261331986,0
-236.229913,-25.307695,3.254333327,3.276741585,0
-236.705501,-25.40332,3.288596696,3.264474243,0
-237.180598,-25.497619,3.260283726,3.253418545,0
-237.656186,-25.593244,3.269413582,3.254248537,0
-238.130866,-25.688451,3.277588927,3.253416973,0
-238.606872,-25.783168,3.261447663,3.270490825,0
-239.08246,-25.878793,3.282097031,3.256169069,0
-239.556721,-25.974908,3.274224019,3.27215083,0
-240.032309,-26.070533,3.257592276,3.294946987,0
-240.507897,-26.166158,3.289096598,3.26768195,0
-240.983066,-26.262692,3.255030316,3.256008906,0
-241.458654,-26.358317,3.264703317,3.278455551,0
-241.932916,-26.454432,3.261868651,3.293751636,0
-242.408085,-26.550966,3.276543613,3.267428749,0
-242.883255,-26.647499,3.254574937,3.25209605,0
-243.358007,-26.744941,3.270265771,3.257116986,0
-243.833176,-26.841475,3.255242312,3.253829642,0
-244.307928,-26.938917,3.255614198,3.287026329,0
-244.783588,-27.036777,3.289221395,3.272826256,0
-245.25834,-27.134218,3.264578516,3.283412466,0
-245.733091,-27.23166,3.280176672,3.284962304,0
-246.207843,-27.329102,3.298221133,3.278567861,0
-246.683085,-27.427871,3.27162425,3.281434667,0
-247.157418,-27.526221,3.28473761,3.293888196,0
-247.631752,-27.624571,3.287904964,3.283117587,0
-248.106575,-27.724248,3.271632116,3.293770681,0
-248.580491,-27.823507,3.282774902,3.273375851,0
-249.055314,-27.923183,3.255487753,3.257066801,0
-249.530138,-28.02286,3.296687992,3.253406723,0
-250.004053,-28.122119,3.25937304,3.28571212,0
-250.478459,-28.222704,3.263308942,3.265399301,0
-250.952864,-28.323289,3.289891513,3.283558199,0
-251.426852,-28.424783,3.274380189,3.282621042,0
-251.900839,-28.526276,3.288447913,3.276552442,0
-252.374827,-28.62777,3.269800337,3.285755352,0
-252.848814,-28.729263,3.26364694,3.275240531,0
-253.323292,-28.832083,3.251861732,3.274399968,0
-253.796861,-28.934485,3.283664746,3.274891915,0
-254.27043,-29.036887,3.271478223,3.296798778,0
-254.74449,-29.140616,3.272586962,3.269464084,0
-255.217641,-29.243926,3.280492858,3.255857258,0
-255.691282,-29.348563,3.252970165,3.262021178,0
-256.164924,-29.4532,3.265790572,3.284245425,0
-256.637656,-29.557418,3.288636107,3.291962681,0
-257.11088,-29.662964,3.284821649,3.298507232,0
-257.584103,-29.768509,3.256266609,3.260758481,0
-258.057326,-29.874054,3.256507573,3.288017167,0
-258.530549,-29.979599,3.254617617,3.279205142,0
-259.003354,-30.086053,3.250391015,3.270147579,0
-259.476159,-30.192506,3.271155469,3.275502017,0
-259.949873,-30.299378,3.282778659,3.274782211,0
-260.422678,-30.405832,3.286146126,3.282568417,0
-260.895901,-30.511377,3.276560465,3.287185307,0
-261.368706,-30.61783,3.255440897,3.265097673,0
-261.841511,-30.724284,3.281588319,3.254480597,0
-262.314735,-30.829829,3.256324993,3.291298274,0
-262.78754,-30.936283,3.256715165,3.26947935,0
-263.260763,-31.041828,3.254929705,3.288765243,0
-263.733986,-31.147373,3.257101362,3.258968455,0
-264.207627,-31.25201,3.258412565,3.25546806,0
-264.681269,-31.356647,3.259812446,3.295257917,0
-265.154002,-31.460866,3.265873989,3.29381755,0
-265.628061,-31.564594,3.26582145,3.299989628,0
-266.101212,-31.667904,3.260878165,3.293212734,0
-266.57569,-31.770725,3.262552092,3.251843876,0
-267.049259,-31.873126,3.29464612,3.277234122,0
-267.523247,-31.97462,3.285161161,3.299880809,0
-267.997652,-32.075205,3.277786897,3.275550408,0
-268.471567,-32.174464,3.259221683,3.293675609,0
-268.946391,-32.274141,3.260601542,3.253511074,0
-269.420725,-32.372491,3.25386734,3.299376937,0
-269.896385,-32.470351,3.295690021,3.296135671,0
-270.370646,-32.566466,3.285335761,3.278213046,0
-270.846234,-32.662091,3.277889448,3.271573103,0
-271.32224,-32.756808,3.265671449,3.266892228,0
-271.797338,-32.851107,3.258310178,3.286036171,0
-272.273271,-32.943588,3.281124863,3.250682778,0
-272.749205,-33.03607,3.299396737,3.26870301,0
-273.225067,-33.126317,3.258521601,3.296134261,0
-273.701837,-33.216982,3.262889613,3.277323982,0
-274.178117,-33.306321,3.269839966,3.273694343,0
-274.654816,-33.394751,3.253699738,3.274826866,0
-275.131514,-33.483181,3.284204803,3.265448554,0
-275.609048,-33.569795,3.270119417,3.297541878,0
-276.085674,-33.65599,3.29914176,3.299099664,0
-276.562718,-33.741277,3.270109199,3.275678155,0
-277.040181,-33.825655,3.281033597,3.299629491,0
-277.517643,-33.910034,3.25771849,3.272792185,0
-277.995942,-33.992595,3.26906726,3.271302044,0
-278.473332,-34.074739,3.258056699,3.260660739,0
-278.95114,-34.155974,3.287905622,3.259662474,0
-279.428949,-34.237209,3.293555556,3.291637712,0
-279.907175,-34.317536,3.267538837,3.286331855,0
-280.38582,-34.396955,3.284276785,3.276487285,0
-280.863974,-34.475047,3.264707432,3.291454037,0
-281.342129,-34.553139,3.276531465,3.275593722,0
-281.820701,-34.630322,3.291621169,3.277598092,0
-282.299274,-34.707506,3.27987451,3.260664245,0
-282.778683,-34.782872,3.266765567,3.279391031,0
-283.256765,-34.858729,3.264961251,3.257138161,0
-283.736592,-34.933188,3.272629627,3.252611176,0
-284.215511,-35.007228,3.271132283,3.284165396,0
-284.694847,-35.08036,3.267980316,3.280427974,0
-285.173694,-35.152165,3.27791596,3.260982797,0
-285.653449,-35.224389,3.287127268,3.270313997,0
-286.133132,-35.294377,3.271216739,3.281495397,0
-286.612814,-35.364366,3.271467789,3.277765381,0
-287.092497,-35.434355,3.256243638,3.256378953,0
-287.573016,-35.502526,3.251221701,3.258459917,0
-288.052627,-35.57028,3.264509263,3.250049971,0
-288.533074,-35.636217,3.265876029,3.270908124,0
-289.013521,-35.702154,3.282684507,3.274424284,0
-289.493478,-35.766764,3.297846796,3.257993442,0
-289.974761,-35.830885,3.296786544,3.283341929,0
-290.455136,-35.894587,3.272894317,3.250896018,0
-290.935439,-35.956054,3.26202392,3.255983768,0
-291.417068,-36.017031,3.288194897,3.297606265,0
-291.898207,-36.076681,3.287966369,3.298792699,0
-292.379346,-36.136331,3.287032403,3.251545727,0
-292.860413,-36.193747,3.287184417,3.274694092,0
-293.341898,-36.250254,3.255296021,3.293136106,0
-293.823802,-36.305852,3.284078022,3.262143808,0
-294.305215,-36.360125,3.273163029,3.291713508,0
-294.787046,-36.413488,3.26060816,3.29067956,0
-295.268805,-36.464617,3.254925937,3.281448655,0
-295.750982,-36.514838,3.291178724,3.25011191,0
-296.23316,-36.565058,3.258750487,3.268986197,0
-296.716173,-36.613462,3.258178495,3.295220285,0
-297.198278,-36.661448,3.283299361,3.284017583,0
-297.680383,-36.709433,3.294719469,3.268941157,0
-298.163397,-36.757837,3.27582791,3.281597736,0
-298.645502,-36.805822,3.285135115,3.262163476,0
-299.128516,-36.854226,3.257679519,3.278570654,0
-299.609785,-36.904028,3.297672853,3.299086439,0
-300.091962,-36.954249,3.277044204,3.292484101,0
-300.574211,-37.006704,3.283986695,3.264172209,0
-301.056042,-37.060068,3.251828151,3.284122883,0
-301.537946,-37.115667,3.290460193,3.267906227,0
-302.019013,-37.173082,3.287430944,3.299346338,0
-302.499734,-37.233641,3.256009351,3.254199315,0
-302.981363,-37.294618,3.276252258,3.262515294,0
-303.462156,-37.357412,3.266291681,3.290567331,0
-303.942949,-37.420205,3.277322472,3.254221155,0
-304.422834,-37.482581,3.269944038,3.276562698,0
-304.904463,-37.543558,3.270754669,3.290031149,0
-305.38553,-37.600973,3.259036888,3.286941162,0
-305.867433,-37.656572,3.262769337,3.257083149,0
-306.348774,-37.708609,3.251026789,3.271894713,0
-306.831298,-37.755686,3.296183781,3.267519019,0
-307.315003,-37.797803,3.282684994,3.273924875,0
-307.798493,-37.833216,3.296630679,3.27937017,0
-308.281766,-37.861923,3.258175618,3.257290285,0
-308.766567,-37.882528,3.296054863,3.29526653,0
-309.250662,-37.895101,3.289732894,3.282009712,0
-309.735449,-37.901388,3.27886971,3.258146979,0
-310.220928,-37.901388,3.27200178,3.27829553,0
-310.705845,-37.897826,3.262880687,3.296580807,0
-311.1902,-37.890703,3.28759732,3.289155094,0
-311.674972,-37.882672,3.261433474,3.284284357,0
-312.159673,-37.872406,3.253209354,3.273310964,0
-312.644445,-37.864375,3.288366476,3.263015905,0
-313.129218,-37.856343,3.283560109,3.278463409,0
-313.614135,-37.852782,3.285760626,3.262438533,0
-314.098706,-37.852364,3.282103041,3.26596508,0
-314.583493,-37.85865,3.270952415,3.295540112,0
-315.068424,-37.869407,3.269538104,3.294261002,0
-315.552663,-37.88645,3.290807005,3.289729471,0
-316.037464,-37.907054,3.265871393,3.29629049,0
-316.521012,-37.930384,3.290726989,3.258941998,0
-317.005539,-37.956366,3.289453676,3.275877057,0
-317.489158,-37.981931,3.292613195,3.281350266,0
-317.973686,-38.007913,3.275281831,3.295659117,0
-318.457723,-38.032569,3.281783069,3.283198413,0
-318.942106,-38.054082,3.297544721,3.269459641,0
-319.425927,-38.072033,3.272198208,3.287000379,0
-319.910931,-38.085025,3.253000941,3.290881743,0
-320.395718,-38.091311,3.293337495,3.28001724,0
-320.880288,-38.090893,3.281559437,3.254249853,0
-321.365061,-38.082862,3.267753683,3.2961179,0
-321.849545,-38.065891,3.299850164,3.252679891,0
-322.334722,-38.042634,3.261208575,3.276351248,0
-322.817937,-38.01407,3.282622554,3.255942664,0
-323.301845,-37.97922,3.280249532,3.26900715,0
-323.78519,-37.940808,3.269362272,3.290641627,0
-324.267554,-37.899744,3.257109358,3.262204796,0
-324.750265,-37.855536,3.251256749,3.294221133,0
-325.233394,-37.81042,3.271055613,3.28563234,0
-325.716523,-37.765303,3.259205014,3.268907422,0
-326.198325,-37.720677,3.286288763,3.262445981,0
-326.681944,-37.676888,3.268518134,3.262642687,0
-327.165217,-37.636241,3.292078004,3.28836218,0
-327.648145,-37.598738,3.286711485,3.252493094,0
-328.131634,-37.564796,3.278551294,3.284264428,0
-328.615267,-37.535324,3.258842753,3.281013906,0
-329.099809,-37.506271,3.297869201,3.287334231,0
-329.583025,-37.477707,3.263266102,3.298862782,0
-330.067567,-37.448653,3.296229045,3.269195676,0
-330.550638,-37.41562,3.26118852,3.26301028,0
-331.034055,-37.379443,3.26867819,3.293873477,0
-331.517746,-37.337889,3.254375017,3.290304799,0
-331.999405,-37.288793,3.282005827,3.273056054,0
-332.481683,-37.231175,3.259030844,3.254548084,0
-332.961438,-37.164691,3.252252555,3.278213441,0
-333.439924,-37.086613,3.286158674,3.259369144,0
-333.916233,-36.996525,3.267371882,3.276584479,0
-334.389874,-36.893099,3.283030841,3.267751666,0
-334.859449,-36.774591,3.26919343,3.265739175,0
-335.325795,-36.639185,3.281367325,3.286337073,0
-335.785277,-36.485207,3.251082491,3.275788643,0
-336.237405,-36.311332,3.295528499,3.289532245,0
-336.680292,-36.114487,3.290027933,3.260224629,0
-337.112118,-35.893837,3.287292374,3.283905304,0
-337.530161,-35.648127,3.290655641,3.252624277,0
-337.930786,-35.375685,3.269165316,3.290058618,0
-338.311758,-35.076582,3.280863962,3.283928432,0
-338.675457,-34.755217,3.278774743,3.297300447,0
-339.019718,-34.413897,3.276502585,3.254577907,0
-339.345524,-34.055274,3.263753488,3.295421919,0
-339.655672,-33.682838,3.262431448,3.275497652,0
-339.95065,-33.297915,3.272581939,3.280745178,0
-340.231441,-32.903158,3.261385641,3.26580356,0
-340.498044,-32.498568,3.290222479,3.253874374,0
-340.74955,-32.083727,3.299305212,3.292530703,0
-340.982816,-31.658287,3.251499598,3.257226345,0
-341.193373,-31.222394,3.27678321,3.26852429,0
-341.378005,-30.773467,3.254353861,3.281119572,0
-341.531896,-30.314792,3.290104572,3.299877595,0
-341.650505,-29.844279,3.299457245,3.275867207,0
-341.729505,-29.366543,3.253347313,3.299525561,0
-341.768479,-28.882491,3.296969918,3.261326723,0
-341.771204,-28.398267,3.250908877,3.269900259,0
-341.741732,-27.914633,3.284191931,3.284828434,0
-341.68237,-27.433754,3.289186824,3.253232038,0
-341.598497,-26.955902,3.276706878,3.287383079,0
-341.49151,-26.482823,3.294267973,3.271020022,0
-341.365461,-26.015281,3.294950245,3.290565871,0
-341.222095,-25.551877,3.281296881,3.268980264,0
-341.065464,-25.093375,3.25689345,3.265953391,0
-340.89466,-24.639358,3.26089008,3.299302553,0
-340.714152,-24.18968,3.259107054,3.285909045,0
-340.523031,-23.743925,3.252090993,3.270659168,0
-340.32486,-23.301529,3.255347083,3.254931512,0
-340.119638,-22.862492,3.280822174,3.286727956,0
-339.910436,-22.424927,3.296983051,3.281865315,0
-339.698164,-21.98925,3.267722787,3.253692094,0
-339.483238,-21.554554,3.270531455,3.256025408,0
-339.269639,-21.119367,3.299217471,3.29907981,0
-339.057366,-20.68369,3.297278959,3.274839971,0
-338.848164,-20.246125,3.283832234,3.251120683,0
-338.644269,-19.806598,3.299415113,3.252691577,0
-338.442118,-19.365673,3.288341569,3.25704369,0
-338.243947,-18.923277,3.266834963,3.294673716,0
-338.048429,-18.4799,3.283119093,3.273291004,0
-337.855563,-18.035543,3.262208264,3.278042837,0
-337.663535,-17.58937,3.264775363,3.274722817,0
-337.473323,-17.144032,3.284008919,3.253389274,0
-337.283947,-16.696878,3.276392342,3.294882327,0
-337.095061,-16.251051,3.270579676,3.264428265,0
-336.906594,-15.804315,3.280131911,3.263452341,0
-336.718126,-15.357579,3.287526003,3.279709709,0
-336.528332,-14.911333,3.279176659,3.273793951,0
-336.337212,-14.465578,3.277589626,3.268415552,0
-336.145673,-14.02073,3.279178531,3.282780555,0
-335.953226,-13.575465,3.275590996,3.29691002,0
-335.760361,-13.131108,3.254129636,3.281021259,0
-335.567914,-12.685843,3.285978507,3.264142005,0
-335.375049,-12.241486,3.299807806,3.260259063,0
-335.18351,-11.796639,3.267726715,3.271956704,0
-334.99239,-11.350883,3.298562941,3.251362511,0
-334.801688,-10.90422,3.267322438,3.293809217,0
-334.612802,-10.458392,3.294327193,3.280504612,0
-334.425661,-10.011166,3.272734743,3.260179619,0
-334.240265,-9.562541,3.270671364,3.275995841,0
-334.057104,-9.113844,3.260886603,3.252691215,0
-333.876595,-8.664167,3.256282729,3.293109372,0
-333.697414,-8.213999,3.26544573,3.272146733,0
-333.521303,-7.761942,3.286305222,3.277400458,0
-333.347427,-7.309814,3.289143604,3.278343042,0
-333.175296,-6.856287,3.284689381,3.28401975,0
-333.006727,-6.402197,3.250490113,3.268568929,0
-332.838994,-5.946291,3.292160667,3.253911435,0
-332.674404,-5.490731,3.2961166,3.272817536,0
-332.511558,-5.033772,3.288547711,3.25239219,0
-332.351856,-4.577159,3.252132993,3.28691285,0
-332.193409,-4.117821,3.268909307,3.251900077,0
-332.038104,-3.658829,3.285216981,3.297712216,0
-331.884127,-3.199347,3.286475652,3.287118617,0
-331.732802,-2.738884,3.261213854,3.296872478,0
-331.582804,-2.277931,3.263452737,3.275668199,0
-331.435459,-1.815998,3.283651558,3.26204524,0
-331.28944,-1.353575,3.27387461,3.262998264,0
-331.144748,-0.890661,3.281185821,3.287948708,0
-331.002291,-0.427675,3.261822247,3.299667138,0
-330.860252,0.036219,3.258856188,3.267835287,0
-330.720447,0.500186,3.291482169,3.287642892,0
-330.580643,0.964152,3.288346083,3.255502425,0
-330.442584,1.429517,3.296723914,3.279852261,0
-330.305433,1.894464,3.255394445,3.27152976,0
-330.16919,2.358993,3.259111375,3.286535901,0
-330.033365,2.82443,3.254954764,3.263058809,0
-329.898867,3.290357,3.27448819,3.254740384,0
-329.764369,3.756285,3.259662267,3.272548174,0
-329.63078,4.221794,3.294794579,3.282003726,0
-329.497608,4.688211,3.254954482,3.256601941,0
-329.365763,5.155119,3.252208279,3.272641121,0
-329.234827,5.621609,3.277864758,3.28260998,0
-329.105216,6.088589,3.288624753,3.291349917,0
-328.976024,6.556477,3.265597003,3.265403845,0
-328.848649,7.023529,3.258949124,3.270118179,0
-328.721692,7.491489,3.266947784,3.294211566,0
-328.596062,7.95994,3.260507282,3.285028976,0
-328.471758,8.428881,3.275507626,3.262093615,0
-328.348362,8.897403,3.295318216,3.287991591,0
-328.226293,9.366416,3.281446197,3.264546287,0
-328.106877,9.83641,3.255076694,3.263871936,0
-327.987461,10.306403,3.269542738,3.25030539,0
-327.869371,10.776887,3.252730831,3.268735557,0
-327.75219,11.246952,3.275064146,3.271846639,0
-327.635009,11.717018,3.271586059,3.265214923,0
-327.518246,12.187992,3.299878017,3.264543017,0
-327.401065,12.658057,3.290580129,3.262125815,0
-327.282975,13.128541,3.274282583,3.296834181,0
-327.163559,13.598534,3.294722388,3.293009512,0
-327.043725,14.067619,3.25687733,3.269861413,0
-326.920748,14.53705,3.269500246,3.273970955,0
-326.796444,15.005991,3.296367811,3.278249805,0
-326.669487,15.473952,3.295874692,3.274480969,0
-326.539877,15.940932,3.285678701,3.263490582,0
-326.40894,16.407421,3.280916869,3.299487007,0
-326.276677,16.873421,3.267164395,3.259183785,0
-326.143923,17.340747,3.296801366,3.293082836,0
-326.01166,17.806746,3.256238702,3.251631629,0
-325.880724,18.273236,3.286529268,3.266597901,0
-325.751114,18.740216,3.282323872,3.28743735,0
-325.623248,19.208594,3.291657599,3.282218323,0
-325.499434,19.676208,3.269914111,3.258461898,0
-325.37911,20.14662,3.28749111,3.297610255,0
-325.263255,20.617176,3.291761026,3.277163512,0
-325.152289,21.088784,3.26612302,3.262570674,0
-325.047955,21.562843,3.277613081,3.278928615,0
-324.949417,22.037537,3.298956457,3.29577383,0
-324.856676,22.512866,3.277465427,3.294779826,0
-324.76924,22.990155,3.26652118,3.274125331,0
-324.686275,23.467589,3.280973578,3.272136999,0
-324.608197,23.946075,3.268031829,3.265587748,0
-324.53459,24.424705,3.287825477,3.252765689,0
-324.464053,24.905224,3.270695037,3.287689589,0
-324.397568,25.384979,3.274617255,3.256597374,0
-324.333737,25.865714,3.284737162,3.267796106,0
-324.27214,26.346522,3.298636694,3.269793548,0
-324.212778,26.827401,3.266387748,3.294276061,0
-324.154742,27.308771,3.291890159,3.251061977,0
-324.098942,27.790213,3.286953611,3.292204036,0
-324.044468,28.272145,3.297708723,3.264403532,0
-323.989994,28.754077,3.251596131,3.262517144,0
-323.937755,29.236081,3.267843449,3.274418982,0
-323.884189,29.717595,3.283132692,3.286451806,0
-323.833276,30.20009,3.264075078,3.260130805,0
-323.781037,30.682094,3.261519153,3.26081381,0
-323.728798,31.164098,3.285556428,3.298816726,0
-323.676559,31.646103,3.281228646,3.27966179,0
-323.622993,32.127617,3.279530433,3.265220179,0
-323.569846,32.610039,3.283021898,3.298385144,0
-323.514954,33.091063,3.252377734,3.294798492,0
-323.459153,33.572505,3.26743924,3.259501274,0
-323.401118,34.053874,3.272567029,3.250089966,0
-323.343082,34.535244,3.26204525,3.285588188,0
-323.282812,35.016542,3.285752251,3.293386339,0
-323.222123,35.496931,3.292809115,3.255915395,0
-323.160945,35.978647,3.264075385,3.251951149,0
-323.09893,36.458546,3.286552541,3.279909726,0
-323.036424,36.939772,3.256888145,3.280215675,0
-322.974827,37.420579,3.291836139,3.275821621,0
-322.914557,37.901877,3.256930086,3.25037537,0
-322.854287,38.383175,3.279410469,3.284446668,0
-322.794925,38.864054,3.26830784,3.297301019,0
-322.736889,39.345424,3.290337977,3.293676823,0
-322.68018,39.827284,3.275189039,3.255663823,0
-322.626615,40.308798,3.274479717,3.267728467,0
-322.573958,40.789894,3.293852436,3.262096842,0
-322.523045,41.272388,3.267657091,3.278016665,0
-322.474367,41.754955,3.272472178,3.280636355,0
-322.426598,42.237103,3.298176514,3.265040455,0
-322.37792,42.71967,3.25211489,3.289907086,0
-322.329243,43.202236,3.298647917,3.289782081,0
-322.279238,43.684313,3.259460342,3.289054613,0
-322.226999,44.166317,3.283356015,3.267554922,0
-322.171199,44.647759,3.279321981,3.252714868,0
-322.113163,45.129129,3.283755621,3.285435231,0
-322.050658,45.610354,3.268051102,3.299646422,0
-321.984173,46.090109,3.281013921,3.258123824,0
-321.914545,46.57021,3.290557544,3.255678317,0
-321.842264,47.049331,3.250962874,3.295643771,0
-321.769983,47.528451,3.254193675,3.274082849,0
-321.697702,48.007572,3.298740083,3.292590298,0
-321.625839,48.4876,3.282567477,3.29049569,0
-321.555792,48.966793,3.261561891,3.259337977,0
-321.488399,49.446966,3.270174557,3.262359993,0
-321.423659,49.92812,3.256101026,3.252709442,0
-321.356266,50.408293,3.263421941,3.280448073,0
-321.280423,50.886851,3.262892309,3.288861621,0
-321.191243,51.362741,3.266583262,3.275553204,0
-321.081603,51.83484,3.257611701,3.251387504,0
-320.945778,52.300277,3.267400383,3.299519264,0
-320.778954,52.755765,3.256082923,3.275046996,0
-320.580782,53.198161,3.294207653,3.266599874,0
-320.357061,53.628099,3.25471392,3.258694157,0
-320.112678,54.046632,3.296502031,3.28128182,0
-319.851612,54.455231,3.269950998,3.278756742,0
-319.576517,54.854875,3.252370073,3.287549269,0
-319.293116,55.248435,3.267118675,3.25767594,0
-319.004064,55.63689,3.286798308,3.26783936,0
-318.710613,56.022966,3.289734108,3.25719754,0
-318.412347,56.405755,3.277245295,3.292530383,0
-318.109755,56.78393,3.284311173,3.266893487,0
-317.80193,57.157909,3.294681635,3.263759825,0
-317.487543,57.527202,3.252739589,3.250300549,0
-317.167087,57.890482,3.265183069,3.290095598,0
-316.838325,58.247678,3.252309578,3.274870414,0
-316.504401,58.598443,3.259773838,3.276892142,0
-316.161336,58.941306,3.28600829,3.293545626,0
-315.811364,59.27634,3.286087664,3.286142178,0
-315.453159,59.603054,3.293889954,3.283404297,0
-315.086721,59.921449,3.279121648,3.25894139,0
-314.713449,60.229779,3.253534217,3.277524768,0
-314.331525,60.528882,3.296137229,3.297993754,0
-313.942349,60.817012,3.290018605,3.279801084,0
-313.544103,61.095005,3.264297343,3.290428535,0
-313.139095,61.360699,3.277183162,3.299226618,0
-312.726834,61.615421,3.299238812,3.294296222,0
-312.307739,61.860078,3.285783903,3.26069185,0
-311.884044,62.094743,3.29194848,3.251731503,0
-311.45526,62.320743,3.271663028,3.27255619,0
-311.021803,62.538985,3.273531236,3.250689728,0
-310.58591,62.749542,3.278035671,3.273685537,0
-310.1466,62.955066,3.263454577,3.297559855,0
-309.704363,63.154233,3.287450923,3.262447614,0
-309.260871,63.350674,3.275194389,3.26932114,0
-308.816197,63.542154,3.282340483,3.271571669,0
-308.369778,63.732237,3.265387279,3.291544324,0
-307.922177,63.917359,3.256936232,3.291232341,0
-307.471577,64.098358,3.273778647,3.272649931,0
-307.019794,64.274396,3.268122964,3.269028008,0
-306.566411,64.444566,3.289405671,3.296293427,0
-306.109683,64.607469,3.289014791,3.287042181,0
-305.650936,64.763595,3.283425611,3.286881654,0
-305.189334,64.911128,3.256675193,3.2973458,0
-304.72446,65.049158,3.251077794,3.275504985,0
-304.256312,65.177687,3.277992035,3.289593959,0
-303.786708,65.295878,3.265040951,3.272608675,0
-303.314321,65.40324,3.296970486,3.292459935,0
-302.839569,65.500681,3.299045182,3.269521541,0
-302.362453,65.588203,3.264331019,3.286918826,0
-301.88339,65.666713,3.290041014,3.298821928,0
-301.403707,65.736702,3.294805568,3.276164953,0
-300.923404,65.798169,3.279876329,3.271495765,0
-300.441083,65.852859,3.294200837,3.260357904,0
-299.959468,65.899518,3.297186577,3.266170069,0
-299.475835,65.939401,3.277457904,3.255543511,0
-298.992835,65.973487,3.286419341,3.268760503,0
-298.50789,65.998561,3.278837915,3.266495199,0
-298.023233,66.014695,3.251292874,3.267105259,0
-297.539354,66.020564,3.272326549,3.290855943,0
-297.054091,66.013859,3.282315098,3.276584266,0
-296.569679,65.994653,3.276060148,3.276056102,0
-296.085771,65.959803,3.268615633,3.288715485,0
-295.603695,65.909799,3.296856733,3.256013139,0
-295.123522,65.842406,3.291476641,3.281272508,0
-294.646161,65.757205,3.292454274,3.267332434,0
-294.172937,65.654688,3.268626712,3.266730969,0
-293.702454,65.536599,3.279659229,3.278730828,0
-293.237017,65.400774,3.293627628,3.293196882,0
-292.777044,65.248123,3.29667508,3.259928154,0
-292.322464,65.08088,3.283423214,3.283622548,0
-291.873349,64.89681,3.260338823,3.295091569,0
-291.431444,64.697312,3.28269253,3.259957859,0
-290.998146,64.480642,3.253602578,3.264914207,0
-290.574437,64.244146,3.270336346,3.274826014,0
-290.163459,63.987477,3.283346577,3.294495212,0
-289.766612,63.708893,3.296686283,3.275070729,0
-289.387947,63.407628,3.290547502,3.263849762,0
-289.028863,63.081937,3.274227414,3.276697909,0
-288.691104,62.73322,3.287837461,3.278712478,0
-288.374944,62.366854,3.270852373,3.27064022,0
-288.079057,61.982349,3.2985893,3.250738183,0
-287.803298,61.584175,3.299398735,3.28513824,0
-287.547668,61.172333,3.293207376,3.275337358,0
-287.30986,60.748984,3.269444189,3.269063305,0
-287.090219,60.317272,3.272737091,3.253246577,0
-286.887419,59.876708,3.26233436,3.267928998,0
-286.699572,59.430361,3.289221155,3.261712562,0
-286.524442,58.97816,3.29414188,3.260175203,0
-286.361539,58.521432,3.295685584,3.290688979,0
-286.208138,58.061431,3.277914246,3.26967173,0
-286.062422,57.598993,3.279943405,3.252678759,0
-285.923483,57.134536,3.257443836,3.268752579,0
-285.790412,56.668479,3.294985674,3.288749709,0
-285.662302,56.20124,3.272519679,3.258264881,0
-285.536917,55.732746,3.260283617,3.295610945,0
-285.413348,55.263416,3.29498255,3.265960289,0
-285.291106,54.794576,3.288129277,3.266488983,0
-285.169772,54.325318,3.294124315,3.260211784,0
-285.04753,53.856478,3.264247511,3.288360737,0
-284.922144,53.387984,3.283661299,3.253498657,0
-284.795851,52.919908,3.283213995,3.297501697,0
-284.666832,52.453087,3.25614075,3.257910489,0
-284.535578,51.986194,3.270365921,3.264322293,0
-284.402507,51.520137,3.263764348,3.284356456,0
-284.266293,51.054425,3.285833487,3.257057491,0
-284.127354,50.589969,3.264169219,3.275604333,0
-283.986599,50.126349,3.294809943,3.286066346,0
-283.8427,49.663074,3.291328945,3.296442257,0
-283.696075,49.201054,3.269501326,3.286605193,0
-283.547634,48.739871,3.274895147,3.287492401,0
-283.39605,48.279033,3.28474026,3.27036598,0
-283.242649,47.819032,3.29171845,3.261974585,0
-283.087431,47.359867,3.280481484,3.276042524,0
-282.931305,46.90112,3.278736858,3.260953868,0
-282.775179,46.442374,3.266302109,3.292119395,0
-282.617726,45.983137,3.27282123,3.283146645,0
-282.459783,45.525226,3.285689779,3.290811764,0
-282.303657,45.066479,3.294220252,3.28969388,0
-282.146204,44.607242,3.286042784,3.27345526,0
-281.990987,44.148077,3.250930639,3.265476249,0
-281.836677,43.688494,3.283738823,3.284378962,0
-281.683276,43.228493,3.271925441,3.299342611,0
-281.528058,42.769328,3.271891009,3.288496694,0
-281.371932,42.310581,3.255851841,3.291479042,0
-281.212663,41.852181,3.290734084,3.285304238,0
-281.050178,41.396361,3.266242772,3.279766821,0
-280.881407,40.941233,3.262311406,3.287643706,0
-280.708093,40.488196,3.267135661,3.27483611,0
-280.527513,40.038504,3.268784607,3.293256633,0
-280.339665,39.592158,3.27732769,3.253401385,0
-280.144133,39.148248,3.278096008,3.298427297,0
-279.939516,38.708519,3.269791111,3.254937816,0
-279.726234,38.273881,3.269906544,3.277348854,0
-279.504359,37.842097,3.275768361,3.270148495,0
-279.273817,37.415403,3.282876527,3.255352008,0
-279.03461,36.993799,3.29754576,3.286208309,0
-278.785829,36.577703,3.286117426,3.280684117,0
-278.527892,36.168023,3.270003987,3.28914841,0
-278.260381,35.763851,3.291593567,3.278331029,0
-277.983296,35.365187,3.256716917,3.290565958,0
-277.698382,34.97343,3.253023339,3.278838793,0
-277.403403,34.588507,3.254212353,3.29720146,0
-277.101994,34.208746,3.258194916,3.293572607,0
-276.791847,33.83631,3.266210996,3.27538011,0
-276.475269,33.469036,3.265086339,3.289441158,0
-276.152678,33.107832,3.25058405,3.273651532,0
-275.823657,32.75179,3.276995255,3.291440085,0
-275.488205,32.400909,3.254768635,3.266124079,0
-275.148557,32.055263,3.257325743,3.298807327,0
-274.804295,31.713943,3.28155706,3.263910552,0
-274.454929,31.378274,3.292966021,3.25364154,0
-274.102347,31.045187,3.298711082,3.28756118,0
-273.74606,30.716007,3.278541921,3.291559431,0
-273.386975,30.390316,3.299842511,3.296116905,0
-273.026002,30.067697,3.277677079,3.266351215,0
-272.662304,29.746332,3.275772923,3.290203463,0
-272.297625,29.42762,3.266534103,3.276912517,0
-271.931129,29.109744,3.27150009,3.273164744,0
-271.565052,28.792777,3.274590313,3.291037513,0
-271.197648,28.47532,3.253551854,3.297595325,0
-270.830662,28.158771,3.294386961,3.253813644,0
-270.465074,27.840477,3.25323168,3.285433553,0
-270.099487,27.522183,3.271809248,3.261746322,0
-269.7339,27.203889,3.291331475,3.269944778,0
-269.369711,26.883851,3.269726734,3.263406221,0
-269.005523,26.563812,3.280673744,3.291625666,0
-268.641334,26.243774,3.290932037,3.299768691,0
-268.278054,25.923317,3.294311752,3.282487549,0
-267.914355,25.601952,3.296555581,3.285197642,0
-267.551075,25.281496,3.259539232,3.29661516,0
-267.187376,24.960131,3.262929113,3.284382627,0
-266.825005,24.639256,3.294893284,3.278417696,0
-266.461306,24.317891,3.279668093,3.269042376,0
-266.098026,23.997434,3.275192004,3.281728974,0
-265.734327,23.676069,3.280640479,3.268161431,0
-265.370139,23.356031,3.290971112,3.270380972,0
-265.00595,23.035992,3.276594458,3.268434986,0
-264.64267,22.715536,3.260103755,3.273419938,0
-264.278481,22.395497,3.272694673,3.275170692,0
-263.914292,22.075459,3.271395546,3.295526789,0
-263.550104,21.75542,3.298302637,3.260321551,0
-263.185915,21.435382,3.281002753,3.266930184,0
-262.822635,21.114925,3.284769498,3.278706281,0
-262.458936,20.79356,3.286008231,3.274346622,0
-262.096146,20.471777,3.26734476,3.263110949,0
-261.733356,20.149994,3.275849521,3.278979673,0
-261.371475,19.827793,3.277834732,3.293916385,0
-261.009593,19.505591,3.257824761,3.253047511,0
-260.64911,19.181645,3.278102802,3.272043823,0
-260.287719,18.858118,3.284740164,3.2542129,0
-259.927236,18.534172,3.271322777,3.278161881,0
-259.566752,18.210226,3.291813521,3.276965529,0
-259.204871,17.888025,3.286569353,3.288402895,0
-258.841172,17.56666,3.268001552,3.261654514,0
-258.476494,17.247948,3.272710619,3.279368087,0
-258.109089,16.93049,3.269319495,3.272948693,0
-257.739306,16.61743,3.288777732,3.293049076,0
-257.367216,16.306533,3.286713555,3.283041805,0
-256.991839,16.000452,3.271513892,3.267693958,0
-256.611847,15.698697,3.284687629,3.267359315,0
-256.228568,15.401757,3.297260674,3.262685905,0
-255.840603,15.111378,3.28921163,3.297626407,0
-255.448442,14.826233,3.285278593,3.264910049,0
-255.050196,14.549393,3.255466712,3.257920304,0
-254.646774,14.28044,3.269496533,3.268064853,0
-254.238594,14.020283,3.279545237,3.287081455,0
-253.82342,13.768849,3.272969002,3.285295001,0
-253.402508,13.528863,3.252516999,3.285044609,0
-252.975439,13.299418,3.261434379,3.250311289,0
-252.543612,13.078767,3.291709453,3.26871728,0
-252.107027,12.866913,3.250782235,3.295074781,0
-251.668899,12.661273,3.293185543,3.265917241,0
-251.227484,12.460448,3.253903453,3.279854146,0
-250.784598,12.263604,3.28345213,3.264889759,0
-250.340313,12.068504,3.275010566,3.256250719,0
-249.896446,11.874312,3.26089969,3.269417783,0
-249.452161,11.679212,3.278580786,3.290884387,0
-249.009275,11.482367,3.256109458,3.299058785,0
-248.56786,11.281543,3.283558312,3.293099492,0
-248.128333,11.077648,3.279979277,3.254191044,0
-247.689297,10.872426,3.252798808,3.2668856,0
-247.251241,10.66455,3.252817151,3.261806458,0
-246.813185,10.456675,3.257625032,3.265890269,0
-246.37611,10.246147,3.250981053,3.29922242,0
-245.939452,10.036528,3.271758777,3.277412545,0
-245.501887,9.827326,3.291611074,3.287462563,0
-245.064321,9.618124,3.280869509,3.292092587,0
-244.626683,9.411158,3.276006471,3.258344485,0
-244.187229,9.205027,3.293193411,3.29515488,0
-243.747212,9.002458,3.254884896,3.255256206,0
-243.305797,8.801634,3.29540261,3.287254655,0
-242.863401,8.603463,3.255400835,3.286468597,0
-242.419534,8.409271,3.275849838,3.28587348,0
-241.974269,8.216824,3.257157801,3.256671588,0
-241.527533,8.028357,3.277968529,3.27228945,0
-241.080306,7.841216,3.250228981,3.275439362,0
-240.6321,7.656728,3.2883341,3.276524515,0
-240.182913,7.474893,3.292435461,3.292985852,0
-239.732327,7.294803,3.295841064,3.283886246,0
-239.281669,7.116948,3.299348414,3.290291913,0
-238.830031,6.941746,3.275256655,3.276562143,0
-238.376994,6.768288,3.263571081,3.297794792,0
-237.923466,6.596157,3.255037526,3.253333847,0
-237.469867,6.426261,3.275392442,3.277075901,0
-237.014869,6.25811,3.279280456,3.264083017,0
-236.559381,6.091285,3.288144355,3.274045017,0
-236.104311,5.925369,3.254148132,3.284243189,0
-235.647842,5.761197,3.28307981,3.260412919,0
-235.190884,5.598351,3.275848951,3.280408049,0
-234.734343,5.436414,3.258552401,3.266308809,0
-234.276894,5.274896,3.296927893,3.29404236,0
-233.819863,5.114285,3.279524159,3.256669731,0
-233.362832,4.953675,3.272031734,3.255120389,0
-232.905383,4.792156,3.297095947,3.297955845,0
-232.447443,4.631964,3.282795691,3.2576451,0
-231.990903,4.470027,3.272597285,3.257626904,0
-231.533454,4.308508,3.291984871,3.257777629,0
-231.076495,4.145663,3.276631175,3.25447847,0
-230.620444,3.982399,3.277694353,3.272721228,0
-230.164884,3.817809,3.284003277,3.283444785,0
-229.709396,3.650985,3.268359495,3.291565084,0
-229.254326,3.485068,3.26196453,3.289511757,0
-228.797929,3.318661,3.278946175,3.285635546,0
-228.342369,3.154071,3.293344353,3.273629875,0
-227.88492,2.992553,3.270338838,3.285429408,0
-227.426908,2.834595,3.255630757,3.297902974,0
-226.967426,2.680617,3.272192292,3.275288778,0
-226.505983,2.531946,3.26500922,3.265252656,0
-226.042507,2.390815,3.270069343,3.289490559,0
-225.57658,2.256317,3.291668178,3.261819348,0
-225.108129,2.130687,3.270181433,3.261715142,0
-224.637573,2.014832,3.269508797,3.27323497,0
-224.164004,1.909171,3.268022445,3.28096934,0
-223.688258,1.815522,3.257012768,3.28076647,0
-223.211386,1.728995,3.26300651,3.256131195,0
-222.733535,1.645121,3.254340755,3.256189676,0
-222.256664,1.558594,3.271469867,3.26422295,0
-221.781898,1.462291,3.262864139,3.28678664,0
-221.309799,1.352651,3.264877769,3.270565405,0
-220.842891,1.220806,3.271242921,3.291449095,0
-220.38439,1.064175,3.255960363,3.296755706,0
-219.938072,0.876616,3.274753346,3.269953333,0
-219.501977,0.663435,3.285320361,3.252610569,0
-219.077705,0.4305,3.262178669,3.278559305,0
-218.660643,0.182137,3.289253504,3.287383499,0
-218.251064,-0.076275,3.253704479,3.266012178,0
-217.843446,-0.339994,3.269694171,3.274646716,0
-217.438135,-0.605876,3.250169706,3.261082638,0
-217.032334,-0.870431,3.261033845,3.296963687,0
-216.628422,-1.138057,3.250065028,3.274115264,0
-216.227869,-1.412734,3.259458984,3.276999804,0
-215.83431,-1.696135,3.257124203,3.261052855,0
-215.451449,-1.992166,3.2634038,3.25479725,0
-215.081665,-2.305226,3.258744603,3.253008271,0
-214.728176,-2.637895,3.256932449,3.290975444,0
-214.39405,-2.988285,3.279944281,3.288573915,0
-214.074257,-3.352978,3.295052895,3.259784787,0
-213.765018,-3.725833,3.296968988,3.294755908,0
-213.461792,-4.104757,3.261059223,3.284215007,0
-213.158983,-4.482774,3.274133569,3.282842324,0
-212.85345,-4.859535,3.268800556,3.29951906,0
-212.538271,-5.228554,3.276189002,3.25168459,0
-212.211557,-5.586759,3.26324363,3.271212664,0
-211.871909,-5.932405,3.253417861,3.274499184,0
-211.517928,-6.263748,3.271816354,3.279175224,0
-211.150943,-6.580297,3.258692652,3.254163487,0
-210.770461,-6.880726,3.251305355,3.283007731,0
-210.377319,-7.163218,3.297733914,3.252615261,0
-209.97061,-7.427355,3.271529826,3.277841527,0
-209.552077,-7.671739,3.298077929,3.285601262,0
-209.123119,-7.898113,3.288120724,3.274395531,0
-208.684573,-8.104661,3.250367433,3.280880032,0
-208.237837,-8.293129,3.284001932,3.260688879,0
-207.783329,-8.462607,3.285297538,3.282282933,0
-207.323775,-8.61435,3.282256439,3.269032115,0
-206.857357,-8.747521,3.277615492,3.255185642,0
-206.387292,-8.864702,3.260905436,3.268875576,0
-205.91267,-8.965475,3.288618311,3.26314304,0
-205.435727,-9.049767,3.261401416,3.262064281,0
-204.955626,-9.119395,3.268543236,3.281146203,0
-204.474184,-9.175196,3.294546441,3.276146388,0
-203.991401,-9.217169,3.292818845,3.270661887,0
-203.507768,-9.246641,3.270121677,3.260889602,0
-203.022865,-9.26452,3.265900956,3.292927681,0
-202.537602,-9.271224,3.280431772,3.293050413,0
-202.053378,-9.268499,3.295509761,3.264196951,0
-201.568374,-9.255508,3.295454909,3.280769642,0
-201.084481,-9.235322,3.27957972,3.288974475,0
-200.6003,-9.206196,3.26662857,3.297742366,0
-200.116392,-9.171692,3.292653181,3.295980162,0
-199.634085,-9.131319,3.272119895,3.269240785,0
-199.150726,-9.086059,3.295217774,3.258132151,0
-198.668621,-9.038073,3.25165897,3.289837571,0
-198.186371,-8.985618,3.276621324,3.255690859,0
-197.70454,-8.932254,3.285824867,3.257941215,0
-197.222637,-8.876656,3.258965092,3.267791406,0
-196.74157,-8.81924,3.266826646,3.292387928,0
-196.260921,-8.760916,3.259385647,3.27913906,0
-195.779782,-8.701266,3.266096359,3.279308883,0
-195.297734,-8.641197,3.270192836,3.296291899,0
-194.817431,-8.57973,3.277428315,3.278753913,0
-194.33671,-8.519172,3.25243693,3.25049887,0
-193.855499,-8.457286,3.277636607,3.290468864,0
-193.374778,-8.396728,3.26374057,3.280440418,0
-192.893567,-8.334842,3.262075087,3.273995684,0
-192.412428,-8.275192,3.262157259,3.263422008,0
-191.931289,-8.215542,3.257707972,3.262904819,0
-191.45064,-8.157218,3.297820818,3.274050477,0
-190.968665,-8.099384,3.296783069,3.261367074,0
-190.48767,-8.044204,3.290935722,3.252430115,0
-190.005766,-7.988605,3.286413092,3.258462091,0
-189.523935,-7.935241,3.258790586,3.262922315,0
-189.041686,-7.882786,3.268018549,3.259895503,0
-188.559927,-7.831657,3.259439499,3.280284653,0
-188.07775,-7.781436,3.25005992,3.291185182,0
-187.595154,-7.732124,3.265820976,3.290530748,0
-187.113049,-7.684139,3.284980849,3.290111851,0
-186.630526,-7.637062,3.281262759,3.285405669,0
-186.147166,-7.591801,3.277153109,3.292968893,0
-185.664715,-7.546959,3.27195186,3.289054226,0
-185.182336,-7.504351,3.264371363,3.260189843,0
-184.699048,-7.461326,3.275082955,3.299667162,0
-184.215833,-7.420535,3.288077309,3.254681226,0
-183.733108,-7.381071,3.288120402,3.282530927,0
-183.249056,-7.342097,3.278802795,3.260758826,0
-182.766821,-7.30396,3.287383142,3.262193655,0
-182.282841,-7.267221,3.282276725,3.26698439,0
-181.799352,-7.231808,3.256160976,3.259893117,0
-181.316353,-7.197722,3.275219893,3.275341669,0
-180.831609,-7.165035,3.267363066,3.297537899,0
-180.348682,-7.133184,3.254607384,3.269730361,0
-179.864429,-7.101823,3.257392473,3.279223242,0
-179.380665,-7.071789,3.259908485,3.280326862,0
-178.897392,-7.043081,3.283613512,3.285732143,0
-178.412375,-7.015772,3.271575559,3.270076818,0
-177.928265,-6.988881,3.284720195,3.292934551,0
-177.444646,-6.963317,3.262839228,3.296024249,0
-176.960609,-6.938661,3.250487932,3.287541944,0
-176.475735,-6.915822,3.276614154,3.264279585,0
-175.992188,-6.892492,3.263969598,3.289840789,0
-175.507805,-6.870979,3.297311508,3.257138292,0
-175.023003,-6.850375,3.295322163,3.27522751,0
-174.53911,-6.830189,3.269634229,3.280534398,0
-174.054799,-6.810911,3.251242762,3.285189837,0
-173.570488,-6.791633,3.28357184,3.269166997,0
-173.08534,-6.774172,3.291858532,3.286434172,0
-172.601519,-6.75622,3.298574982,3.294364234,0
-172.116862,-6.740086,3.252846644,3.252792416,0
-171.632623,-6.723043,3.272516191,3.256910817,0
-171.147966,-6.706908,3.279123515,3.293153249,0
-170.66289,-6.691682,3.284331891,3.271087324,0
-170.178723,-6.676874,3.285971638,3.270565709,0
-169.693648,-6.661648,3.282502038,3.297957067,0
-169.209063,-6.647748,3.286345728,3.287512265,0
-168.724896,-6.63294,3.268692383,3.299049856,0
-168.24031,-6.61904,3.279079104,3.26167579,0
-167.755725,-6.605141,3.255805926,3.254811338,0
-167.27114,-6.591241,3.252882718,3.26922911,0
-166.786137,-6.57825,3.298988261,3.275013628,0
-166.301552,-6.56435,3.264241186,3.278512793,0
-165.816966,-6.55045,3.279748715,3.29883158,0
-165.332381,-6.536551,3.298108052,3.274642759,0
-164.847796,-6.522651,3.259288913,3.270044143,0
-164.363211,-6.508751,3.259651991,3.299749513,0
-163.878626,-6.494852,3.267082205,3.2630499,0
-163.39404,-6.480952,3.296644895,3.283266236,0
-162.909873,-6.466144,3.269533377,3.298212831,0
-162.424798,-6.450918,3.263660835,3.283557552,0
-161.940631,-6.43611,3.257597354,3.264958743,0
-161.455555,-6.420884,3.269855442,3.276556326,0
-160.970898,-6.404749,3.268736123,3.250073159,0
-160.487149,-6.389033,3.256555735,3.29418944,0
-160.002074,-6.373806,3.271752036,3.270219193,0
-159.517417,-6.357672,3.254575658,3.265060279,0
-159.032759,-6.341537,3.280731348,3.29752908,0
-158.54901,-6.325821,3.250548955,3.27303241,0
-158.064353,-6.309686,3.278663019,3.264382376,0
-157.579696,-6.293552,3.289486493,3.254231332,0
-157.095039,-6.277417,3.261768339,3.279109067,0
-156.610381,-6.261283,3.272400986,3.257653435,0
-156.126142,-6.24424,3.278467909,3.253654715,0
-155.641485,-6.228105,3.253070072,3.279028239,0
-155.156828,-6.21197,3.274814444,3.264350738,0
-154.67217,-6.195836,3.282115762,3.268096004,0
-154.188003,-6.181028,3.261063287,3.286241235,0
-153.703346,-6.164893,3.291852822,3.292915584,0
-153.218689,-6.148759,3.298553762,3.267395784,0
-152.734522,-6.133951,3.292318644,3.29808728,0
-152.249446,-6.118724,3.275299973,3.297678453,0
-151.765697,-6.103008,3.263943781,3.260301869,0
-151.280204,-6.08869,3.287330861,3.288412243,0
-150.796037,-6.073882,3.261846519,3.280776594,0
-150.31187,-6.059074,3.297867264,3.295946124,0
-149.826376,-6.044756,3.281013002,3.280126863,0
-149.341791,-6.030857,3.280013107,3.285106911,0
-148.858114,-6.017375,3.258630225,3.287183748,0
-148.373111,-6.004384,3.254517337,3.269255114,0
-147.888526,-5.990484,3.26276311,3.262575189,0
-147.403522,-5.977493,3.292928527,3.251837987,0
-146.919427,-5.96492,3.295553353,3.273606144,0
-146.434424,-5.951928,3.284981688,3.282253616,0
-145.950329,-5.939355,3.286259118,3.263948497,0
-145.464908,-5.927272,3.261494304,3.275893045,0
-144.980813,-5.914699,3.278802673,3.262283332,0
-144.4963,-5.903034,3.290531405,3.264875409,0
-144.010878,-5.890951,3.270192168,3.282523705,0
-143.526365,-5.879287,3.299421963,3.294569665,0
-143.041852,-5.867622,3.254499941,3.293055323,0
-142.557339,-5.855957,3.266047052,3.260495754,0
-142.072826,-5.844292,3.275570447,3.269954696,0
-141.588313,-5.832628,3.253030318,3.294394151,0
-141.103382,-5.821871,3.286284396,3.262826401,0
-140.618868,-5.810207,3.277827787,3.29834008,0
-140.133937,-5.79945,3.276467995,3.280957868,0
-139.649424,-5.787785,3.291499122,3.258267288,0
-139.164493,-5.777029,3.292937952,3.291309951,0
-138.67998,-5.765364,3.289451446,3.282784655,0
-138.195049,-5.754608,3.265891653,3.277322629,0
-137.710535,-5.742943,3.272610373,3.262566464,0
-137.226022,-5.731278,3.287611399,3.252007819,0
-136.741509,-5.719614,3.255493085,3.261668771,0
-136.256996,-5.707949,3.255487118,3.268055647,0
-135.771575,-5.695866,3.263494183,3.281672752,0
-135.28748,-5.683293,3.276231867,3.299304905,0
-134.802476,-5.670301,3.298632554,3.260357832,0
-134.317891,-5.656402,3.285520434,3.287854197,0
-133.833306,-5.642502,3.265592997,3.294316405,0
-133.349139,-5.627694,3.264572856,3.273611493,0
-132.864064,-5.612468,3.292517867,3.257945676,0
-132.379406,-5.596333,3.295582371,3.290546039,0
-131.895167,-5.57929,3.281963807,3.273825388,0
-131.410928,-5.562247,3.262768515,3.255814377,0
-130.926199,-5.543878,3.254433292,3.293786031,0
-130.441888,-5.5246,3.291912779,3.281759319,0
-129.957576,-5.505322,3.279235931,3.254864067,0
-129.473193,-5.483809,3.297405437,3.295421973,0
-128.98881,-5.462297,3.253051446,3.251750801,0
-128.504354,-5.438549,3.279232065,3.251987485,0
-128.020807,-5.415219,3.264255404,3.299428395,0
-127.53628,-5.389237,3.291386609,3.28430908,0
-127.052661,-5.363672,3.259549322,3.26883446,0
-126.568551,-5.336781,3.272126498,3.275216213,0
-126.083952,-5.308564,3.269670575,3.288174784,0
-125.600679,-5.279856,3.291328699,3.25244374,0
-125.116497,-5.25073,3.283843555,3.286296383,0
-124.632734,-5.220696,3.260380152,3.285066403,0
-124.14897,-5.190662,3.265905236,3.272944541,0
-123.664717,-5.159301,3.256690549,3.27911474,0
-123.180954,-5.129267,3.283573144,3.26695449,0
-122.6967,-5.097906,3.278549554,3.258531271,0
-122.213773,-5.066055,3.258488353,3.26995967,0
-121.729519,-5.034694,3.257382789,3.29598886,0
-121.246174,-5.003752,3.273803986,3.261302272,0
-120.761921,-4.972391,3.295405121,3.268050335,0
-120.278576,-4.941448,3.277608751,3.266228101,0
-119.794322,-4.910087,3.251646995,3.254179106,0
-119.310559,-4.880053,3.252693146,3.275633277,0
-118.826377,-4.850927,3.290253161,3.291643241,0
-118.342686,-4.823128,3.272568743,3.295230675,0
-117.858995,-4.795329,3.269132311,3.286179796,0
-117.374467,-4.769346,3.289482185,3.269149791,0
-116.890012,-4.745598,3.268214343,3.264900853,0
-116.405629,-4.724086,3.276617497,3.284585582,0
-115.921735,-4.703899,3.285582835,3.294022846,0
-115.437496,-4.686856,3.293573826,3.296227415,0
-114.952421,-4.67163,3.266434481,3.254062639,0
-114.467908,-4.659966,3.282505901,3.274133651,0
-113.983049,-4.651444,3.298741807,3.256413253,0
-113.498752,-4.646484,3.253798368,3.262645558,0
-113.013201,-4.644249,3.279350958,3.294198077,0
-112.52912,-4.645994,3.270694325,3.259813846,0
-112.044203,-4.649555,3.265456821,3.256067683,0
-111.559849,-4.656678,3.263191702,3.27718475,0
-111.074658,-4.665618,3.287938313,3.265731037,0
-110.590448,-4.67721,3.299760799,3.269102046,0
-110.105401,-4.69062,3.259328572,3.289576963,0
-109.620845,-4.705356,3.289057263,3.291958974,0
-109.136288,-4.720092,3.259789899,3.284011819,0
-108.651804,-4.737063,3.299617949,3.2708461,0
-108.16732,-4.754033,3.290113078,3.28214449,0
-107.682836,-4.771004,3.271211335,3.260704073,0
-107.198351,-4.787975,3.286443193,3.28086354,0
-106.713867,-4.804946,3.274917679,3.283759557,0
-106.229383,-4.821917,3.290449513,3.280051174,0
-105.744827,-4.836653,3.267825447,3.267315475,0
-105.26027,-4.851389,3.253662172,3.268220068,0
-104.775224,-4.864798,3.279549573,3.258574054,0
-104.291086,-4.878626,3.295509392,3.289768078,0
-103.806457,-4.891127,3.259688297,3.274633346,0
-103.321338,-4.902301,3.27161839,3.267731143,0
-102.837128,-4.913894,3.287457986,3.28875306,0
-102.352428,-4.92416,3.251959224,3.26184024,0
-101.867727,-4.934426,3.297316249,3.292241672,0
-101.382954,-4.942458,3.288183666,3.290826349,0
-100.898182,-4.950489,3.277941028,3.292311418,0
-100.413409,-4.95852,3.259192147,3.268509343,0
-99.928564,-4.964316,3.274897441,3.269161477,0
-99.44372,-4.970113,3.27589228,3.293066737,0
-98.959293,-4.975001,3.299712151,3.27319546,0
-98.473958,-4.97947,3.292742584,3.278527411,0
-97.989041,-4.983032,3.298120197,3.28476534,0
-97.504543,-4.985685,3.28394705,3.298045864,0
-97.019554,-4.987011,3.270175069,3.277315649,0
-96.534983,-4.98743,3.296748954,3.281828829,0
-96.050412,-4.987848,3.273974227,3.278544624,0
-95.564933,-4.987848,3.261589581,3.296355607,0
-95.081199,-4.986449,3.269814512,3.293188278,0
-94.596138,-4.985541,3.285253874,3.258491963,0
-94.111077,-4.984632,3.277927952,3.258934951,0
-93.626434,-4.982816,3.287831535,3.262175218,0
-93.141373,-4.981907,3.299774053,3.287588968,0
-92.656802,-4.982325,3.29812157,3.259956719,0
-92.171323,-4.982325,3.276753355,3.299147026,0
-91.68766,-4.983162,3.298193506,3.285481935,0
-91.202253,-4.985397,3.255781294,3.258771807,0
-90.717337,-4.988958,3.252572415,3.29291487,0
-90.23291,-4.993846,3.265217447,3.295470574,0
-89.748065,-4.999642,3.279009592,3.298083154,0
-89.263293,-5.007674,3.276548223,3.278529985,0
-88.77901,-5.017031,3.295060405,3.278143962,0
-88.294382,-5.029532,3.277027521,3.25883306,0
-87.808917,-5.04385,3.271599031,3.275683953,0
-87.324851,-5.059913,3.277133349,3.277423596,0
-86.839949,-5.077792,3.28562074,3.258263872,0
-86.355536,-5.096998,3.250833736,3.274694652,0
-85.872033,-5.116622,3.290046044,3.276755863,0
-85.386784,-5.137644,3.257125466,3.259940358,0
-84.902862,-5.158176,3.273923724,3.281158446,0
-84.418032,-5.178291,3.262841768,3.25131577,0
-83.934528,-5.197914,3.268454584,3.265939548,0
-83.449208,-5.216702,3.283088246,3.276649977,0
-82.965632,-5.234091,3.258480441,3.266338687,0
-82.480657,-5.249735,3.263939201,3.280109522,0
-81.995611,-5.263145,3.25991109,3.268096636,0
-81.5114,-5.274738,3.259753577,3.256746032,0
-81.026628,-5.282769,3.266341982,3.295690675,0
-80.541293,-5.287239,3.294016893,3.282027942,0
-80.057212,-5.288983,3.273555093,3.282938707,0
-79.572079,-5.28584,3.270198469,3.283766517,0
-79.08771,-5.278645,3.258961574,3.287227886,0
-78.602707,-5.265654,3.29844625,3.292108879,0
-78.118468,-5.248611,3.270372787,3.275832858,0
-77.634085,-5.227098,3.29222437,3.257593435,0
-77.149975,-5.200207,3.280766255,3.269033214,0
-76.66614,-5.167938,3.268830554,3.29105097,0
-76.18265,-5.132525,3.293859087,3.258568219,0
-75.699925,-5.093061,3.289242621,3.266498764,0
-75.217056,-5.049127,3.273247714,3.298323599,0
-74.734042,-5.000724,3.290698846,3.29031463,0
-74.252283,-4.949595,3.294922207,3.261109396,0
-73.77038,-4.893996,3.271461927,3.299988656,0
-73.289313,-4.836581,3.266716471,3.253186935,0
-72.80901,-4.775114,3.279832355,3.271274156,0
-72.327727,-4.710993,3.29509954,3.270216908,0
-71.847698,-4.644148,3.285103322,3.270014644,0
-71.367597,-4.575068,3.268872755,3.255596132,0
-70.888332,-4.504171,3.286747796,3.271215539,0
-70.409414,-4.430131,3.297705139,3.280677294,0
-69.930423,-4.353855,3.277140656,3.299403064,0
-69.451851,-4.276672,3.277005292,3.260995039,0
-68.973206,-4.197254,3.265555482,3.267704054,0
-68.494979,-4.116927,3.253561729,3.263312094,0
-68.017589,-4.034783,3.259099023,3.264574902,0
-67.539709,-3.951313,3.254649446,3.259419477,0
-67.063155,-3.867353,3.273174462,3.251142981,0
-66.584784,-3.782556,3.250466626,3.272470209,0
-66.108158,-3.696361,3.295751296,3.26218201,0
-65.631532,-3.610165,3.282137087,3.293436327,0
-65.154416,-3.522644,3.250070953,3.276430538,0
-64.677299,-3.435122,3.251519264,3.295706758,0
-64.201092,-3.348018,3.260423511,3.298696509,0
-63.723975,-3.260496,3.272748307,3.279271298,0
-63.246859,-3.172975,3.256363302,3.255948769,0
-62.769743,-3.085453,3.250432384,3.296326629,0
-62.293117,-2.999258,3.28635398,3.279678039,0
-61.816491,-2.913062,3.267705823,3.294180765,0
-61.338538,-2.827357,3.289022297,3.271223797,0
-60.861076,-2.742979,3.271832832,3.280362869,0
-60.384104,-2.659927,3.271827739,3.253538179,0
-59.905805,-2.577365,3.252460659,3.296238622,0
-59.427997,-2.49613,3.252481595,3.282103971,0
-58.94977,-2.415803,3.254555009,3.255224983,0
-58.471616,-2.337711,3.279701852,3.285011254,0
-57.992625,-2.261436,3.262054203,3.269790216,0
-57.514125,-2.186487,3.292068455,3.254245238,0
-57.035206,-2.112447,3.292860638,3.260723943,0
-56.555869,-2.039315,3.29818061,3.262439945,0
-56.076114,-1.967092,3.274444989,3.261332657,0
-55.596359,-1.894868,3.261015505,3.28515022,0
-55.117513,-1.823063,3.261310432,3.287707629,0
-54.638176,-1.749931,3.27683939,3.277364332,0
-54.158421,-1.677708,3.288105485,3.277674171,0
-53.679503,-1.603667,3.267378358,3.28152864,0
-53.201002,-1.528719,3.273061588,3.299272848,0
-52.722011,-1.452444,3.281966188,3.28171391,0
-52.242949,-1.373933,3.295866802,3.280022781,0
-51.76563,-1.294025,3.258078629,3.295459348,0
-51.286914,-1.212371,3.28578177,3.278541832,0
-50.80987,-1.127085,3.278886944,3.266770996,0
-50.333662,-1.039981,3.271664949,3.297856958,0
-49.856891,-0.949316,3.294212139,3.271996156,0
-49.381376,-0.855926,3.269652588,3.28007713,0
-48.905788,-0.7603,3.258948758,3.286013118,0
-48.430618,-0.663767,3.281666679,3.283938917,0
-47.955938,-0.56856,3.281200028,3.260637951,0
-47.479586,-0.476987,3.26639708,3.254081169,0
-47.002052,-0.390373,3.290148266,3.26372397,0
-46.524734,-0.310464,3.299973893,3.293375919,0
-46.044143,-0.240058,3.299048908,3.277967853,0
-45.563422,-0.179499,3.256351847,3.273231389,0
-45.081317,-0.131513,3.261612007,3.271515045,0
-44.597755,-0.093866,3.251181623,3.288699296,0
-44.114064,-0.066067,3.280371631,3.282696021,0
-43.629753,-0.046789,3.255540466,3.282886464,0
-43.14524,-0.035124,3.270372975,3.258051045,0
-42.660034,-0.029746,3.29420384,3.271618841,0
-42.175045,-0.031072,3.277406639,3.275254304,0
-41.690619,-0.03596,3.268450154,3.268766614,0
-41.205428,-0.0449,3.260417299,3.274018611,0
-40.721218,-0.056493,3.272047164,3.26712107,0
-40.236171,-0.069902,3.297809808,3.288857322,0
-39.752033,-0.08373,3.256201296,3.269197193,0
-39.267895,-0.097557,3.273538162,3.285577821,0
-38.782848,-0.110967,3.292844816,3.27404667,0
-38.298148,-0.121233,3.252169524,3.286459011,0
-37.813447,-0.131499,3.284581257,3.296877962,0
-37.329093,-0.138622,3.298949273,3.27586272,0
-36.84383,-0.145327,3.264163395,3.295153437,0
-36.358495,-0.149796,3.256689025,3.260909632,0
-35.874486,-0.153776,3.284263984,3.293660967,0
-35.389498,-0.155102,3.295472728,3.254134647,0
-34.904509,-0.156429,3.280543449,3.273270171,0
-34.419938,-0.156847,3.29499914,3.251096491,0
-33.934877,-0.155939,3.259671688,3.290414028,0
-33.450234,-0.154122,3.287721229,3.258960475,0
-32.965591,-0.152305,3.267313036,3.258269612,0
-32.480458,-0.149162,3.270931271,3.259080173,0
-31.995325,-0.146019,3.257785992,3.284571828,0
-31.511518,-0.142385,3.290950029,3.260688176,0
-31.025895,-0.137915,3.281246176,3.264905243,0
-30.541598,-0.132955,3.286928021,3.288416757,0
-30.056883,-0.128904,3.290255621,3.275057505,0
-29.572168,-0.124852,3.253361133,3.29547324,0
-29.087872,-0.119892,3.297539516,3.252892645,0
-28.602248,-0.115422,3.274878851,3.271837596,0
-28.117533,-0.11137,3.287757295,3.278612737,0
-27.6324,-0.108227,3.287120254,3.278253358,0
-27.148594,-0.104594,3.291556479,3.291190828,0
-26.66346,-0.10145,3.257825092,3.256304941,0
-26.178327,-0.098307,3.272865436,3.265005839,0
-25.693685,-0.09649,3.280905025,3.250106101,0
-25.20946,-0.093765,3.296609168,3.297555368,0
-24.723909,-0.09153,3.291754412,3.288314968,0
-24.239266,-0.089713,3.294771176,3.287565208,0
-23.754623,-0.087897,3.279125926,3.256943242,0
-23.26998,-0.08608,3.27913734,3.267465977,0
-22.785337,-0.084263,3.292746297,3.257567028,0
-22.299786,-0.082028,3.251743285,3.274836034,0
-21.815143,-0.080212,3.294271005,3.290432613,0
-21.330082,-0.079303,3.270386541,3.28164344,0
-20.845439,-0.077486,3.251819102,3.284420075,0
-20.361287,-0.076996,3.287307397,3.281978511,0
-19.876644,-0.075179,3.257741439,3.286466086,0
-19.392001,-0.073363,3.257195416,3.292992285,0
-18.90694,-0.072454,3.280297953,3.281347769,0
-18.422297,-0.070637,3.262724042,3.259029569,0
-17.937236,-0.069729,3.26620771,3.278665327,0
-17.452593,-0.067912,3.270089546,3.258178308,0
-16.967532,-0.067004,3.270318666,3.295302587,0
-16.482889,-0.065187,3.269309557,3.253867139,0
-15.998246,-0.06337,3.280490091,3.266926733,0
-15.513185,-0.062462,3.258344536,3.279030877,0
-15.028543,-0.060645,3.259404604,3.273761758,0
-14.5439,-0.058828,3.254731443,3.290266024,0
-14.058839,-0.05792,3.266159314,3.276538907,0
-13.574196,-0.056103,3.288479846,3.261365517,0
-13.089553,-0.054287,3.2617059,3.285474249,0
-12.60491,-0.05247,3.287018273,3.257431628,0
-12.118941,-0.051143,3.284640921,3.282905809,0
-11.634298,-0.049327,3.291203911,3.281699127,0
-11.149655,-0.04751,3.291398877,3.261465313,0
-10.665012,-0.045693,3.264668397,3.259111401,0
-10.180369,-0.043876,3.265468462,3.258317625,0
-9.695726,-0.042059,3.27615149,3.257480355,0
-9.211084,-0.040243,3.26626495,3.26013737,0
-8.726023,-0.039334,3.291592126,3.297747945,0
-8.24138,-0.037518,3.29051474,3.250795417,0
-7.755829,-0.035283,3.277849913,3.297875718,0
-7.271604,-0.032558,3.263148202,3.251284614,0
-6.786961,-0.030741,3.28402831,3.298555533,0
-6.302318,-0.028924,3.261682657,3.264879784,0
-5.817675,-0.027107,3.272821268,3.276253654,0
-5.332124,-0.024872,3.269228345,3.293116961,0
-4.847481,-0.023056,3.276930072,3.294820245,0
-4.362838,-0.021239,3.299585186,3.259450528,0
-3.878614,-0.018514,3.28776102,3.283035978,0
-3.393062,-0.016279,3.299022742,3.297061547,0
-2.908419,-0.014462,3.261739132,3.298785356,0
-2.424195,-0.011737,3.276427954,3.255396763,0
-1.938644,-0.009502,3.252571803,3.258944961,0
-1.454001,-0.007685,3.287843774,3.287327571,0
-0.968868,-0.004542,3.280098988,3.252473426,0
-0.484225,-0.002725,3.292858435,3.253564244,0
0,0,3.299413857,3.274456276,0