# x_m,y_m,w_tr_right_m,w_tr_left_m
1.507850614,0.110913197,4.075272382,4.015312551
1.695509504,0.109158698,4.013272928,4.00514059
1.89414556,0.114034793,4.055401929,4.005388703
2.104753042,0.118395875,4.012500572,4.071296245
2.33012428,0.110347654,4.018969974,4.086302481
2.563136944,0.108907646,4.017953193,4.037774232
2.805929828,0.119815888,4.079254282,4.005681413
3.059099875,0.116193931,4.069453175,4.055223912
3.320686038,0.110640074,4.078759125,4.032337593
3.586340218,0.122775019,4.009922315,4.035529402
3.858582397,0.130752263,4.003104736,4.001423466
4.135291193,0.13986494,4.067651984,4.053361342
4.423433451,0.151884729,4.079558141,4.094008665
4.739157845,0.169853279,4.031921973,4.025750138
5.050215646,0.189380137,4.046076414,4.011195616
5.34566223,0.201332579,4.075344582,4.081639128
5.645456396,0.217113562,4.001470983,4.045414011
5.94664876,0.233172338,4.00167859,4.04204171
6.250764592,0.236304807,4.054038156,4.072448759
6.555801169,0.237510745,4.001438758,4.065477704
6.863986989,0.238792321,4.09713151,4.055434717
7.176382557,0.242703226,4.066140174,4.064196259
7.489584442,0.259236223,4.097959245,4.036356554
7.811760722,0.272531814,4.076515482,4.080554847
8.131597342,0.28299043,4.020444112,4.050427719
8.454831545,0.296659208,4.080589916,4.010910384
8.95678584,0.299503389,4.011197509,4.04264467
9.469706785,0.310576113,4.089539405,4.018724408
9.999605319,0.333599056,4.050549081,4.058145831
10.52463671,0.350546329,4.071944143,4.024774105
11.08925155,0.382406622,4.080175528,4.081880587
11.67267809,0.415327389,4.072412689,4.034328118
12.27742121,0.446091785,4.00429996,4.097983362
12.89662505,0.489992348,4.067552685,4.044868291
13.52265898,0.519952211,4.037220475,4.081970837
14.16319041,0.568690249,4.036605239,4.043695777
14.84618723,0.637845873,4.093456674,4.018093091
15.53255129,0.721070899,4.018381246,4.023323937
16.21012758,0.804181981,4.01343116,4.037893972
16.89850126,0.872122165,4.042978396,4.051988876
17.59135874,0.968670444,4.041226419,4.042040923
18.30751814,1.076615524,4.032342618,4.034467361
19.04768081,1.174877576,4.035989149,4.016416298
19.7715391,1.267437339,4.058585801,4.01823506
20.5000847,1.348456086,4.082385815,4.076339993
21.2334141,1.409973423,4.03906407,4.079144118
21.97177851,1.500276437,4.009412229,4.052206255
22.72190109,1.604828657,4.077139568,4.084508779
23.47839338,1.697156246,4.010511299,4.080568025
24.23527806,1.793005038,4.076501225,4.085463772
24.98699607,1.910394618,4.011035512,4.061561583
25.74230344,2.028047104,4.091539969,4.097755564
26.49827524,2.145080502,4.028011094,4.007446964
27.25517748,2.268013293,4.012227021,4.013182775
28.01095548,2.397590273,4.072334626,4.013226127
28.76689159,2.525882904,4.05196537,4.001894612
29.52462398,2.646728022,4.048361488,4.072080224
30.28679557,2.792015219,4.015142787,4.06630214
31.04296148,2.945889109,4.054945855,4.058644109
31.81328459,3.095986088,4.044628754,4.032346912
32.56651368,3.239490262,4.024171812,4.095858678
33.3171962,3.401721431,4.074552229,4.099282697
34.06323249,3.561668984,4.039541177,4.045507508
34.79334541,3.713171549,4.082610326,4.043890633
35.52814505,3.870696914,4.002567191,4.072385622
36.28117177,4.039030581,4.065419699,4.066712757
37.03400277,4.197028112,4.087400521,4.063865316
37.78799379,4.354439655,4.012574373,4.023531518
38.54241975,4.52251029,4.059379317,4.081484816
39.29922101,4.696530411,4.026234052,4.043663747
40.05618336,4.881833732,4.024180844,4.03719498
40.81120119,5.069978957,4.011466642,4.066217572
41.56653594,5.255398809,4.009741827,4.067101765
42.31330589,5.450958924,4.023705984,4.03626804
43.06830357,5.63674614,4.08924275,4.01248026
43.82044333,5.822994066,4.009965075,4.028544632
44.61769213,6.029532625,4.06397002,4.091215918
45.39810872,6.217597531,4.059660347,4.015861122
46.18164823,6.40017217,4.028302214,4.037559887
46.94764919,6.592750996,4.088492062,4.085802276
47.70006843,6.744619371,4.009958287,4.005160528
48.44249137,6.911712451,4.053314858,4.043094858
49.17827233,7.078775837,4.036377395,4.083134455
49.91005649,7.261879668,4.097226446,4.085704326
50.64237733,7.453102514,4.090761911,4.042980738
51.37784541,7.62942604,4.029166743,4.057023346
52.08593189,7.794411485,4.066886574,4.007905955
52.80208849,7.964797544,4.084008116,4.022245937
53.53949584,8.139599204,4.090893783,4.087731933
54.27512058,8.341035013,4.000852663,4.046585089
55.02132238,8.529114602,4.09632725,4.066779283
55.74662657,8.701606109,4.037042374,4.070234591
56.44627409,8.902364789,4.072024644,4.008847828
57.16169379,9.147262919,4.026989357,4.089817309
57.8607029,9.38711166,4.012323825,4.089318623
58.54826911,9.662259943,4.043327241,4.030607488
59.22592062,9.915581238,4.017348126,4.074728472
59.88446249,10.17377776,4.047818042,4.088876207
60.53822193,10.46010252,4.034657207,4.062795843
61.1721412,10.74810873,4.075157865,4.064687242
61.80298626,11.02674071,4.053688135,4.032067593
62.40668481,11.30427537,4.018310194,4.025548661
62.99595618,11.58743034,4.003746787,4.01616751
63.57066553,11.87573048,4.048801854,4.097019828
64.11948075,12.1747773,4.005502548,4.089445728
64.6405875,12.48358054,4.092942437,4.031860818
65.14601339,12.80449487,4.001904437,4.068141
65.63650199,13.12755854,4.058007161,4.097427756
66.12230198,13.45854534,4.081069819,4.033250944
66.56047729,13.78960413,4.043240544,4.010585401
66.98225201,14.13427908,4.07017279,4.011044938
67.38916622,14.47113256,4.082591826,4.048610744
67.77397292,14.81902112,4.02968964,4.039021734
68.14389306,15.18280939,4.036070905,4.01498439
68.49988617,15.55089054,4.099074708,4.054794504
68.83215964,15.92466071,4.002736883,4.022375246
69.15238512,16.32040812,4.023668822,4.060852032
69.44895518,16.72503904,4.052457972,4.00669142
69.72092671,17.14002413,4.077198726,4.065847335
69.97127429,17.56259367,4.022540416,4.074629483
70.19784637,17.98012556,4.061309489,4.032731624
70.41144621,18.40354116,4.086683571,4.055194015
70.5959541,18.82473975,4.013776807,4.053513752
70.77981616,19.24165874,4.04234107,4.059133179
70.94748236,19.68650302,4.083140438,4.057712562
71.102855,20.13120308,4.036256941,4.014818494
71.18236559,20.55461589,4.067544318,4.075627961
71.25931746,21.00646354,4.082972994,4.02048868
71.32531491,21.4625161,4.09190406,4.064464419
71.40089005,21.92055435,4.087097934,4.02831534
71.49280014,22.41035957,4.041755518,4.054779632
71.55999951,22.90326529,4.00198112,4.063152701
71.62106061,23.42323271,4.044566222,4.012305954
71.68670148,23.93441508,4.093935058,4.082138482
71.7562168,24.43700719,4.083605529,4.055861232
71.82115948,24.95357251,4.032949787,4.072733058
71.88771854,25.47878391,4.014224682,4.002963721
71.95523874,25.99936939,4.028191335,4.021088528
72.01628415,26.52099654,4.021246532,4.058738347
72.07501691,27.02457463,4.075834801,4.03721797
72.12730423,27.53279835,4.073976701,4.05868138
72.18845419,28.05089905,4.023512953,4.011142001
72.25193192,28.56254927,4.056225423,4.03232939
72.32918866,29.025207,4.04230758,4.039999461
72.41899442,29.50641525,4.087552932,4.019485789
72.51343167,29.98239292,4.039465073,4.093152805
72.6171142,30.45756425,4.048825783,4.096895236
72.73347659,30.91367171,4.046472759,4.078488124
72.84892273,31.36573672,4.081680505,4.011439854
72.97965109,31.8222718,4.070408141,4.070866668
73.11967743,32.27970741,4.083775445,4.018209896
73.27857236,32.72718749,4.05402246,4.040119101
73.44707828,33.17547551,4.002849745,4.04021505
73.62515591,33.61981764,4.079550482,4.081683996
73.81326752,34.0734128,4.014462369,4.021764498
74.02727768,34.52370106,4.066656944,4.043125163
74.25205447,34.96688045,4.032309521,4.087107859
74.49298581,35.388938,4.010727228,4.076843579
74.72871536,35.814508,4.079859842,4.029709111
74.99084442,36.2474818,4.089992917,4.047023034
75.28635327,36.68438867,4.012693203,4.013494408
75.59472049,37.11926329,4.099767016,4.085232506
75.92529453,37.54921582,4.095231314,4.068219322
76.26045297,37.97768719,4.022979688,4.038627993
76.59409842,38.41387366,4.074848522,4.023257807
76.94599915,38.84602296,4.005114958,4.09538556
77.29981119,39.27742065,4.083712358,4.065126099
77.66915942,39.71030605,4.047919942,4.095916976
78.06334293,40.13964417,4.014538159,4.077265475
78.46499326,40.57250169,4.031906793,4.071496364
78.87191556,41.01854987,4.08192421,4.067617564
79.30075497,41.45938529,4.095448753,4.009268106
79.76124042,41.89399878,4.091123524,4.06335108
80.20228204,42.34655558,4.062156049,4.069071182
80.65408252,42.79268309,4.091231309,4.037324849
81.1108989,43.24675644,4.087841304,4.050123283
81.59661713,43.70668602,4.048652323,4.063255818
82.08213492,44.18710597,4.050891347,4.062071484
82.57187097,44.64807863,4.023255753,4.077350931
83.05959662,45.10998914,4.008345286,4.089251186
83.51704181,45.57963091,4.073296582,4.088193026
83.99381219,46.04199568,4.067124073,4.002072833
84.47933054,46.50134081,4.0718284,4.016504705
84.95576849,46.96967593,4.073270819,4.066134831
85.4155459,47.44491164,4.074998731,4.010487435
85.8638779,47.93192728,4.07198329,4.050328826
86.29986856,48.42743649,4.068598154,4.080027637
86.71726373,48.92581464,4.072882976,4.006881076
87.12021054,49.4289122,4.033351488,4.045673471
87.51460709,49.94547502,4.061144436,4.012050262
87.891427,50.47219356,4.085625679,4.071605641
88.2697533,51.00603488,4.043836708,4.053167031
88.63032068,51.55267409,4.082696871,4.072571166
88.96039313,52.10306927,4.047995034,4.075059866
89.27183426,52.65756793,4.061729539,4.052369459
89.57681223,53.24664447,4.099772079,4.061189453
89.88683807,53.81617693,4.069267521,4.014732187
90.18006158,54.38626865,4.095229037,4.079022429
90.43939975,54.9656698,4.060505947,4.00704374
90.70227094,55.56313196,4.07495076,4.03095453
90.94640671,56.1634709,4.011427548,4.008720614
91.17391714,56.77997523,4.058085565,4.086332782
91.39836356,57.40601917,4.001138198,4.056166439
91.59245639,58.04063116,4.071426067,4.051122498
91.77855307,58.67176192,4.06342245,4.002785883
91.93426794,59.30270332,4.05321894,4.082035217
92.09119473,59.94933907,4.008286611,4.01903769
92.22296591,60.61224226,4.076152468,4.046181044
92.34907684,61.27065776,4.028368481,4.087872899
92.45414169,61.94293878,4.036326555,4.062910201
92.54458536,62.60563896,4.001292996,4.056027847
92.61946332,63.27409749,4.028931108,4.042411961
92.66735165,63.9474446,4.069976212,4.087698186
92.69930777,64.62021477,4.039727818,4.014888674
92.73351831,65.29232797,4.06025178,4.06183154
92.74564536,65.96835977,4.037777088,4.023509998
92.73784988,66.63822893,4.063157099,4.044329617
92.71036398,67.30523682,4.039848822,4.078491347
92.66321591,67.98300346,4.046897213,4.007680549
92.60653107,68.65838841,4.009378984,4.060377444
92.55172549,69.33798032,4.089006166,4.025936256
92.45352087,70.01166725,4.044392248,4.068749145
92.32056308,70.68652696,4.077017352,4.049286004
92.18866412,71.35587244,4.01172573,4.059301061
92.03334769,72.0269257,4.024822739,4.055295567
91.85772174,72.69719398,4.025285836,4.006643106
91.65444116,73.36572906,4.038835543,4.083316953
91.43950021,74.00315506,4.067167378,4.031659222
91.20515427,74.65689949,4.047228222,4.084232073
90.96033969,75.31817401,4.090397918,4.042741121
90.7050838,75.96162369,4.00880431,4.084671352
90.43512933,76.60804306,4.058906569,4.020768669
90.13747394,77.26069235,4.069738977,4.005800344
89.81190479,77.89303879,4.094141325,4.084284159
89.47395767,78.52219678,4.06011497,4.000062291
89.1233736,79.13598947,4.058838205,4.061373187
88.75162573,79.74105278,4.00095763,4.030062954
88.36951941,80.34262775,4.060200803,4.017775748
87.97802151,80.93810611,4.01768885,4.068879026
87.56959003,81.52892636,4.065763123,4.009638859
87.15027289,82.11048541,4.09959337,4.029212133
86.69091788,82.67688092,4.058659324,4.012732808
86.23052866,83.2158392,4.085365816,4.032369658
85.76555539,83.76829196,4.079397889,4.049445222
85.29466199,84.31110989,4.070865282,4.009190863
84.80718631,84.80348605,4.022766124,4.005482063
84.28291217,85.31033823,4.033990604,4.052878706
83.7472854,85.83193909,4.091404901,4.061148579
83.21439136,86.34287064,4.060883198,4.087542761
82.64996246,86.81549039,4.088310374,4.007696188
82.07777829,87.27125174,4.047828567,4.059783945
81.49888641,87.71614307,4.011061141,4.087238619
80.89123528,88.13723175,4.087771092,4.069334452
80.29597852,88.53785507,4.04192723,4.075774944
79.69218454,88.92453659,4.056999412,4.017619283
79.09030788,89.31328436,4.08374436,4.088303296
78.45385542,89.66394473,4.011972005,4.013219746
77.80715175,90.01992014,4.028198557,4.086885437
77.14765106,90.35586295,4.073366367,4.000713737
76.48758624,90.65732413,4.075772655,4.024478865
75.81236908,90.95164926,4.041496361,4.087352647
75.1279451,91.22450134,4.00044267,4.046597777
74.4386662,91.4826824,4.068241665,4.011094119
73.74632899,91.72077737,4.030256153,4.021603107
73.03732433,91.93625024,4.047285547,4.055936722
72.32240117,92.13493103,4.096445723,4.046499042
71.60521196,92.32074225,4.086156905,4.093784096
70.88735027,92.48954306,4.010742783,4.015180496
70.16438864,92.62490793,4.043450231,4.018021211
69.43497616,92.74449109,4.065043546,4.079611972
68.69228304,92.82953299,4.091329201,4.038860989
67.95566889,92.90437894,4.077010361,4.07581415
67.22609087,92.96796555,4.07785661,4.08367817
66.48813457,93.0088623,4.027778612,4.010795778
65.74899146,93.02431158,4.078337518,4.007636918
65.00880639,93.02264581,4.099951229,4.025742677
64.27012612,92.99878784,4.09996052,4.04764745
63.54245211,92.95053116,4.013890018,4.067324332
62.8073467,92.87860049,4.09101489,4.080486835
62.06429853,92.76469357,4.037794492,4.068225191
61.3325131,92.63814432,4.046597829,4.008192714
60.60731628,92.47689603,4.052167571,4.032566311
59.87559679,92.29483426,4.017891857,4.033662291
59.14031829,92.10911411,4.055999897,4.019464214
58.40840131,91.91817621,4.030967139,4.080214264
57.67506344,91.71328024,4.077612695,4.05758975
56.9442992,91.49696774,4.017421763,4.069132135
56.21459942,91.26982318,4.021342992,4.089211173
55.48605772,91.02821881,4.080362734,4.062989965
54.75960348,90.76169125,4.033833086,4.010417589
54.02471241,90.48492502,4.084090974,4.097601605
53.30834774,90.20181058,4.099291196,4.017787121
52.58910192,89.91402078,4.068684899,4.003275601
51.87076455,89.61562299,4.016891116,4.059357739
51.15156762,89.30871201,4.077744952,4.023263972
50.4327719,89.00964404,4.06270328,4.092442538
49.71588486,88.70284158,4.093323621,4.069679647
48.99419598,88.37950674,4.01283268,4.066615337
48.27835127,88.04529413,4.034537642,4.067752111
47.56749915,87.72518982,4.038497803,4.064545716
46.85126045,87.40503574,4.096168471,4.096082695
46.13556796,87.07976196,4.018973681,4.031790235
45.4261146,86.75697809,4.095571014,4.041022391
44.70850364,86.44183728,4.082585623,4.083726795
43.9807541,86.11907748,4.015556948,4.092350675
43.26478558,85.78482803,4.078266764,4.065915252
42.55388649,85.46357602,4.097309703,4.025095903
41.84213632,85.13036578,4.053076039,4.062976502
41.13189073,84.8044278,4.079779035,4.093925257
40.42547411,84.46593701,4.073039354,4.051663451
39.71642889,84.14029514,4.070737422,4.028098245
39.00727399,83.81317218,4.051952313,4.041320181
38.29722253,83.49882242,4.005235347,4.05483012
37.58596401,83.18649234,4.093356985,4.025102129
36.87619212,82.87439597,4.021675853,4.024025692
36.16619905,82.56510358,4.069894708,4.081736965
35.45305856,82.25394312,4.024467199,4.084051756
34.74229271,81.94990057,4.022472955,4.065788659
34.02563293,81.66293555,4.036259362,4.077086682
33.308765,81.37665225,4.098381121,4.098071568
32.59381832,81.09273856,4.083497425,4.070221753
31.87775555,80.81820343,4.070001179,4.061744124
31.15508254,80.55358881,4.000754314,4.07110249
30.43263072,80.29186526,4.000862154,4.061665838
29.70476806,80.04182651,4.061407982,4.094763472
28.97600957,79.80098892,4.076432179,4.009042198
28.24383166,79.5657197,4.004432346,4.019068448
27.5043983,79.33941214,4.033571168,4.046955314
26.76636158,79.12351889,4.057802117,4.028457661
26.02651274,78.93036844,4.027517408,4.051300082
25.27551379,78.75442627,4.017958818,4.009981547
24.51379709,78.59690277,4.078807194,4.086300147
23.75422619,78.43441519,4.06075199,4.091374506
23.00525217,78.27231717,4.048339991,4.060333339
22.24967498,78.10379913,4.014318066,4.053218423
21.49576429,77.93223419,4.075443141,4.019298564
20.73768941,77.76559204,4.076427937,4.064230656
19.97351298,77.61622217,4.044144975,4.061627542
19.21080959,77.4683688,4.008874435,4.076954653
18.44341425,77.32783408,4.045298234,4.086336009
17.68513341,77.18592581,4.088675938,4.063338648
16.91154656,77.04916376,4.002969461,4.023317276
16.14332494,76.90578885,4.040656224,4.098865812
15.37482955,76.75176682,4.012215453,4.049321864
14.60294528,76.61212729,4.08754834,4.015835894
13.83029125,76.46300958,4.051894296,4.009274292
13.05773099,76.3214725,4.035335905,4.096704543
12.28669107,76.17396008,4.099961345,4.06571289
11.48816799,76.02139963,4.008579882,4.058831623
10.71357999,75.82224493,4.041270547,4.062727924
9.91727135,75.64014978,4.013964364,4.022048153
9.143230887,75.46250565,4.046795095,4.034395185
8.376358935,75.2833356,4.06923122,4.023253929
7.609737338,75.10077255,4.052731719,4.001271015
6.854374808,74.91913364,4.041163802,4.050368823
6.089158911,74.73543301,4.097871694,4.09554063
5.327189736,74.55224641,4.037106128,4.086148438
4.564162453,74.34496178,4.013258071,4.003064688
3.800554555,74.140257,4.038411442,4.028316368
3.034287362,73.9486675,4.047567852,4.09207579
2.267408334,73.74977739,4.071773883,4.088148131
1.501457162,73.54744112,4.005726634,4.036127991
0.74123903,73.33370094,4.087015796,4.004198102
-0.028199874,73.12927773,4.068704493,4.073585009
-0.808811866,72.92996571,4.036211949,4.016959808
-1.583872398,72.73484364,4.048245779,4.075963028
-2.353331916,72.53489708,4.08254131,4.078630208
-3.126624549,72.33718033,4.060360885,4.063650019
-3.901139713,72.1420791,4.029795166,4.063267766
-4.677560809,71.94229889,4.049479764,4.085743236
-5.457281913,71.75443317,4.010756277,4.026547168
-6.240342071,71.57024323,4.093936907,4.066739481
-7.020231693,71.3885181,4.039108112,4.054823614
-7.801444839,71.21479546,4.067850135,4.09246337
-8.582187198,71.04720412,4.076198093,4.074551982
-9.366125663,70.8635789,4.012524831,4.049677308
-10.16020082,70.69519035,4.072081755,4.006624553
-10.95340366,70.55399974,4.000469824,4.032596683
-11.74776024,70.42084384,4.093142362,4.011463173
-12.54453508,70.28707272,4.044035405,4.029530141
-13.34545887,70.15900751,4.063209551,4.012858521
-14.1540056,70.03846182,4.056177552,4.0212387
-14.96340004,69.93273676,4.041527901,4.015676078
-15.77519677,69.83158908,4.073307379,4.010243493
-16.58859027,69.70770294,4.089049349,4.058392244
-17.40861382,69.5968898,4.070266491,4.034686847
-18.23418199,69.49122766,4.003759132,4.060559272
-19.06179997,69.38175626,4.072876515,4.07909697
-19.89351239,69.26687387,4.081587668,4.08947839
-20.72166864,69.15320145,4.085442702,4.066045954
-21.54385428,69.02556204,4.040861348,4.039451146
-22.37127521,68.86954013,4.016278333,4.089385212
-23.20083354,68.73993372,4.007850853,4.07065436
-24.03078938,68.61515451,4.018020728,4.018796896
-24.85161767,68.46651947,4.047598276,4.095602175
-25.65604587,68.30549826,4.051904125,4.029161768
-26.4685562,68.14083603,4.04817452,4.034812511
-27.28605618,67.97697478,4.006046177,4.00924077
-28.06527167,67.80402783,4.037971223,4.099483862
-28.8626751,67.65352097,4.021046244,4.063128813
-29.60771229,67.4561282,4.023381252,4.043614792
-30.36937113,67.2428849,4.065279327,4.050442135
-31.13571107,67.01973575,4.021946191,4.025011261
-31.87752295,66.75250652,4.09665106,4.092972661
-32.61322321,66.50016289,4.059120065,4.066144744
-33.33253349,66.23634409,4.094654604,4.031382493
-34.04902639,65.95894766,4.041052214,4.02211688
-34.73900927,65.6790825,4.044763337,4.091797566
-35.38845249,65.38224931,4.011060629,4.083736428
-36.03042514,65.08190025,4.061197978,4.087688737
-36.6467267,64.76559801,4.056180183,4.047310828
-37.25416121,64.45150195,4.055407897,4.048012698
-37.85726134,64.11876566,4.023637976,4.045613481
-38.41881114,63.76352838,4.073699398,4.027324795
-38.95280336,63.4013427,4.006563487,4.079568711
-39.47553822,63.02271004,4.051974673,4.087243413
-39.97167996,62.64251083,4.092816848,4.083510177
-40.44590951,62.24724551,4.033204082,4.098353242
-40.89624733,61.83681259,4.092689676,4.023333884
-41.32094938,61.42323289,4.085028989,4.020531744
-41.71754916,60.99801657,4.08508785,4.074039831
-42.08686763,60.55858478,4.065676757,4.011351259
-42.43008668,60.10788443,4.072309468,4.001558335
-42.74312569,59.64803519,4.095020567,4.048320634
-43.0377229,59.16831548,4.004545404,4.025314348
-43.30638483,58.69147345,4.019339075,4.056872171
-43.54409582,58.19512155,4.044237749,4.041915278
-43.76051072,57.67819112,4.045872497,4.068495626
-43.95067278,57.15136549,4.048485222,4.098252221
-44.1153572,56.61099683,4.041062742,4.00508296
-44.23913549,56.05525266,4.027805727,4.081577042
-44.33183167,55.49210988,4.015790854,4.042319254
-44.40301365,54.91465231,4.010607933,4.02721624
-44.44442669,54.33779308,4.048748658,4.031784419
-44.45109727,53.79577083,4.056993738,4.009476071
-44.43113468,53.23858127,4.007071377,4.076952848
-44.38150031,52.66899434,4.011063337,4.011446176
-44.30026611,52.08699496,4.089417658,4.074844847
-44.19214019,51.51503493,4.037807109,4.034494293
-44.06073206,50.94276869,4.020806533,4.080532999
-43.91231275,50.38742325,4.00532229,4.021272051
-43.72928954,49.86028279,4.066759962,4.080008702
-43.52579543,49.31439124,4.07738492,4.037430298
-43.29764838,48.76354076,4.017314352,4.028565078
-43.04413321,48.22742585,4.042575499,4.073874366
-42.78126578,47.71627423,4.013900693,4.005763874
-42.48641232,47.20967165,4.01313398,4.096219808
-42.16193343,46.70484813,4.079862551,4.087559996
-41.82540494,46.22362436,4.089043523,4.091138576
-41.47065466,45.74813991,4.061175039,4.05033809
-41.11893031,45.31340906,4.076476688,4.063510416
-40.75088124,44.88615724,4.009182191,4.082111563
-40.35591434,44.48225363,4.035955075,4.061341883
-39.96197125,44.12340668,4.075272547,4.010277389
-39.5492048,43.74393097,4.009150425,4.064522778
-39.12773756,43.37518265,4.050416861,4.025159627
-38.68458521,43.02416882,4.075676732,4.055675577
-38.24070377,42.69743887,4.026928409,4.023191464
-37.80227137,42.38876781,4.049656015,4.029394754
-37.34311308,42.08130058,4.094768583,4.014924755
-36.87806259,41.79635204,4.069309263,4.056288946
-36.39340243,41.5198882,4.089368854,4.065633325
-35.88428976,41.26450009,4.047347578,4.029537701
-35.37830116,41.03252316,4.098999205,4.011395041
-34.85534554,40.79886375,4.018497039,4.064971759
-34.32012184,40.58074365,4.001043938,4.014014565
-33.77740863,40.37599065,4.017986785,4.089273431
-33.21809757,40.20169475,4.004635315,4.044435203
-32.6534803,40.03337509,4.025120697,4.010737909
-32.0789398,39.87279521,4.094861163,4.024048974
-31.50023417,39.73203355,4.099517511,4.081256181
-30.91766654,39.61368471,4.082101198,4.009862274
-30.32720496,39.49758298,4.055988221,4.00356405
-29.72800259,39.37726402,4.090716544,4.089086386
-29.1247369,39.28391208,4.055486563,4.031847018
-28.51374119,39.1999455,4.059046376,4.000636868
-27.89320862,39.12736093,4.089213648,4.069458586
-27.26594726,39.06539706,4.007787371,4.005633369
-26.62764191,39.02164413,4.072784411,4.049432662
-25.98314133,38.98350751,4.05748062,4.016775164
-25.34557029,38.96516048,4.071182793,4.012725934
-24.69144066,38.95542477,4.04019011,4.084997598
-24.03505559,38.9504335,4.070445984,4.045332324
-23.37683317,38.95231892,4.042899008,4.044301733
-22.72044276,38.94775729,4.003354149,4.07410068
-22.056277,38.951498,4.079098205,4.031445655
-21.38560981,38.97328554,4.05480158,4.003369864
-20.7134177,39.01551001,4.036155671,4.077167498
-20.03715221,39.06001744,4.048019598,4.029651309
-19.35743564,39.11652861,4.052613263,4.009419217
-18.67410705,39.18387318,4.021520551,4.046326514
-17.98989561,39.26045619,4.097081441,4.0869815
-17.3034824,39.35511179,4.068671023,4.050934758
-16.61647415,39.47187524,4.01703832,4.024983961
-15.93025028,39.58741976,4.03670258,4.02958721
-15.24047146,39.70334937,4.067848682,4.00083004
-14.54383084,39.82203917,4.042242534,4.050639034
-13.8281282,39.94699974,4.027324619,4.011488618
-13.13129958,40.08192845,4.048337989,4.024339101
-12.43029779,40.23524678,4.062836024,4.063429729
-11.72787417,40.38478223,4.030385441,4.093239964
-11.01638267,40.53993083,4.041434742,4.040702668
-10.29497568,40.70899054,4.092137301,4.012187583
-9.589658003,40.87612387,4.052479595,4.026752664
-8.885991195,41.06158502,4.004562589,4.079182194
-8.179013708,41.2552536,4.008068614,4.006552401
-7.474630602,41.45614322,4.042632306,4.033087973
-6.773428911,41.66199753,4.007539979,4.088331284
-6.081540453,41.87108888,4.022203943,4.012232071
-5.395982153,42.09776863,4.075111893,4.076005822
-4.711867899,42.32252007,4.064368717,4.004556148
-4.033856649,42.55744516,4.060812901,4.074845327
-3.362709268,42.79739761,4.018941241,4.023146956
-2.692078485,43.03460257,4.036657224,4.034930019
-2.033464769,43.28889745,4.050819146,4.064636505
-1.382638757,43.55726021,4.043880339,4.063467027
-0.739738539,43.82568542,4.010717033,4.052396781
-0.106759786,44.07930086,4.075029153,4.076900346
0.51913769,44.35010034,4.021700765,4.097884474
1.141661116,44.61766621,4.051697714,4.025182625
1.756195967,44.87675587,4.034138222,4.051990653
2.365776076,45.1307142,4.057274916,4.018399955
2.967430742,45.39198805,4.096294313,4.025234898
3.564837038,45.67052881,4.089331849,4.008360715
4.151644629,45.94747903,4.081173495,4.070080448
4.731380495,46.23237395,4.001163874,4.033778791
5.309139101,46.52902911,4.084632921,4.082939894
5.874919886,46.82071143,4.042683992,4.058059613
6.427627989,47.1042448,4.046564513,4.084234923
6.972437418,47.40497597,4.048057892,4.091217397
7.518473221,47.6874623,4.014213196,4.001536656
8.048795389,47.9700703,4.043503632,4.074036442
8.584332478,48.25491747,4.095031473,4.021783207
9.11909643,48.52910733,4.080457828,4.067406062
9.657112173,48.8121384,4.029983665,4.024233834
10.20048758,49.09606456,4.041917165,4.046603834
10.73085283,49.3662912,4.072483777,4.045640378
11.26084189,49.62764478,4.073426216,4.010729298
11.78856794,49.89808916,4.070274531,4.092337383
12.31528434,50.16541374,4.029421051,4.069359973
12.84368992,50.43119563,4.085249727,4.096254133
13.37457285,50.68576669,4.03997624,4.027850054
13.91033552,50.92415488,4.070804027,4.013244998
14.45737699,51.17163094,4.086034898,4.016517479
14.99255538,51.42051851,4.093326911,4.06574916
15.52714107,51.66294633,4.088574698,4.034098493
16.06039743,51.89454678,4.08372213,4.059864123
16.58088997,52.12741182,4.031592794,4.097214801
17.12378035,52.34470474,4.055534718,4.03995272
17.66901189,52.57285063,4.037315449,4.026309844
18.21634692,52.78633432,4.014692762,4.057411898
18.76156688,52.98628738,4.010369078,4.03081519
19.31003387,53.1669995,4.087808138,4.033240987
19.87912304,53.36132622,4.040121198,4.071977136
20.44116084,53.55144327,4.058731445,4.058431374
21.00385822,53.73474821,4.080379529,4.01827733
21.56810104,53.88330415,4.099565843,4.046563052
22.13766813,54.0311078,4.008790451,4.040590522
22.7168833,54.18328891,4.093716043,4.08270925
23.29681931,54.31468716,4.079623964,4.026227984
23.87523478,54.43655959,4.058806376,4.057171769
24.4603502,54.55066612,4.022640842,4.041935998
25.04560225,54.65078484,4.061563544,4.002799565
25.62765538,54.75920705,4.097766178,4.093879123
26.23445143,54.84757686,4.023213227,4.078024734
26.82837313,54.92196968,4.050089644,4.086785681
27.42148383,55.00074019,4.018857511,4.088485398
28.01133523,55.07309679,4.089269048,4.024673607
28.59806458,55.1058882,4.054287458,4.097735567
29.18603633,55.15745309,4.013489363,4.043680994
29.782127,55.21356619,4.068010948,4.063717463
30.38505089,55.26751436,4.072629372,4.07796218
30.98453786,55.31147713,4.082536999,4.076314278
31.57430774,55.31836005,4.062943977,4.009230872
32.17604853,55.32880692,4.087110882,4.02217488
32.79361169,55.32821356,4.008247206,4.020374612
33.39902911,55.31797214,4.047355507,4.017172224
34.00388949,55.29646269,4.085923572,4.098394854
34.60945849,55.2621282,4.05449928,4.074862492
35.2237561,55.2194361,4.011300872,4.066496199
35.84569315,55.18622482,4.024544921,4.028164668
36.45312737,55.12545045,4.024450937,4.049505372
37.06407996,55.06759692,4.034870069,4.060985403
37.66687063,55.00727245,4.060791718,4.058740987
38.25478835,54.92614515,4.074742175,4.073296405
38.8341349,54.84299752,4.019119023,4.02597395
39.41582848,54.75392062,4.057313561,4.080225813
39.99254428,54.65351241,4.074954743,4.053528202
40.546805,54.52902749,4.005142857,4.03466162
41.07558803,54.38817492,4.025828265,4.049930032
41.60757486,54.23883808,4.017641049,4.085357581
42.12769572,54.08332645,4.006011846,4.040130895
42.62536464,53.91841369,4.002088509,4.045039591
43.11405373,53.72537348,4.096388962,4.085616788
43.60741561,53.51853399,4.061537439,4.038697907
44.07343875,53.29853066,4.045825654,4.088900471
44.53225829,53.07014434,4.004204561,4.035120077
44.9766466,52.8218731,4.028081763,4.02628101
45.39402979,52.56436854,4.022936216,4.028279063
45.80324478,52.27198054,4.025112588,4.025863395
46.17732013,51.97802531,4.051784735,4.012696201
46.534368,51.68182848,4.074332521,4.069728665
46.86080518,51.36540728,4.062066888,4.039210256
47.163351,51.02543687,4.009661537,4.097872146
47.44691338,50.65963598,4.086090874,4.063728268
47.72823059,50.28398618,4.071573005,4.071260273
47.98134636,49.92928019,4.027737829,4.024816967
48.20997014,49.55581882,4.010072178,4.001279468
48.41281146,49.15635258,4.031469659,4.00116053
48.59415697,48.75632227,4.044947038,4.053457232
48.74464656,48.33657116,4.023138067,4.066189082
48.88221935,47.91788273,4.061259522,4.034819016
49.00001727,47.49877039,4.010958363,4.085819385
49.08822575,47.05404577,4.040209689,4.007263697
49.14707064,46.6163216,4.015549317,4.080409785
49.19876878,46.16667341,4.052917774,4.044586197
49.22095574,45.70624989,4.032310557,4.004734471
49.22825379,45.23585233,4.051526784,4.038381026
49.22771883,44.77716792,4.020204916,4.0322435
49.19634716,44.29778544,4.094435939,4.05220197
49.13644454,43.80194736,4.074069986,4.065461683
49.05184147,43.29374988,4.088482984,4.063539534
48.95145362,42.7825146,4.032811931,4.038732667
48.82733465,42.30096204,4.096193165,4.071323136
48.67960606,41.80573453,4.004056334,4.080073607
48.49683323,41.30984639,4.065170974,4.050182875
48.30398838,40.80126765,4.024972576,4.04901211
48.09302064,40.30195285,4.001346832,4.009072751
47.85861936,39.81174413,4.091989212,4.089187235
47.59443491,39.31802129,4.010863328,4.085579405
47.30153536,38.79058003,4.097180642,4.066406879
46.9999459,38.2787321,4.072267695,4.051717728
46.66581416,37.76457471,4.094754312,4.064500556
46.30902541,37.25419456,4.060280855,4.046751223
45.93257165,36.75626422,4.009143515,4.046865441
45.53470577,36.25775173,4.088918774,4.049020828
45.12622115,35.75838582,4.089547303,4.076411567
44.69653348,35.26528008,4.083534029,4.09130158
44.26018807,34.78962068,4.08976501,4.003104205
43.8224992,34.32241135,4.07883189,4.021666928
43.34940728,33.8554599,4.059210926,4.055503801
42.8633821,33.38570592,4.066580995,4.03905834
42.36860877,32.92899049,4.095422707,4.025380315
41.84625047,32.4857225,4.042405012,4.044103072
41.29878268,32.05674481,4.088661854,4.033609772
40.75045757,31.63445656,4.005351807,4.03006742
40.18318424,31.23274538,4.014789778,4.091488797
39.60159573,30.8488539,4.090221314,4.032950313
39.01814139,30.47491874,4.08327708,4.084673839
38.41528831,30.10495899,4.04989858,4.086419775
37.81549341,29.74535914,4.022130844,4.079115845
37.2042279,29.40408723,4.003585162,4.080009055
36.58467759,29.06796285,4.099278456,4.04164032
35.96097895,28.73959369,4.090418179,4.099335803
35.34321327,28.42822582,4.034828441,4.060768182
34.69570817,28.13407006,4.080606389,4.028300085
34.05045624,27.84774203,4.094865567,4.032686254
33.40393432,27.56821545,4.060578236,4.02456317
32.74304111,27.30863833,4.043085555,4.015122788
32.08097696,27.04251694,4.058370262,4.095884113
31.42514227,26.81361725,4.013156746,4.037857948
30.7516843,26.58833353,4.008585019,4.091878677
30.07376531,26.37365834,4.081811425,4.094850279
29.38688981,26.17625925,4.047238432,4.03420087
28.68263677,25.98274733,4.096162118,4.025889303
27.98841432,25.80084789,4.013445117,4.00373584
27.29700891,25.61798298,4.056097146,4.058711965
26.59607035,25.44603805,4.02852373,4.082448798
25.88368897,25.2913037,4.028367469,4.046600472
25.16871421,25.14524667,4.052724337,4.018697593
24.44888978,25.01647874,4.026660406,4.07285751
23.72237142,24.89485063,4.049739378,4.038398254
22.99231332,24.78333227,4.032405518,4.037376818
22.26249621,24.6572431,4.071880341,4.026887185
21.53414569,24.54820572,4.012179404,4.051986442
20.80142394,24.44437306,4.085742585,4.059247692
20.06058269,24.34584253,4.007582903,4.041286423
19.31767237,24.24616069,4.09510784,4.039992894
18.57814359,24.1388755,4.074056297,4.024125914
17.83674807,24.03511993,4.097550476,4.018531398
17.08979359,23.96923969,4.090492847,4.027888188
16.33879075,23.90652889,4.040341211,4.056360585
15.58930221,23.84567844,4.05998805,4.060538178
14.83989301,23.79611174,4.053362773,4.0707256
14.08990633,23.73639949,4.07641378,4.087833793
13.3330316,23.68584201,4.071617316,4.070379205
12.56792023,23.63450245,4.027564653,4.068403566
11.80178954,23.59517751,4.044257308,4.08597052
11.03587659,23.56099313,4.012018486,4.046392432
10.26966089,23.53462294,4.043642956,4.005486961
9.50533708,23.51082721,4.099277736,4.091383898
8.733947482,23.49941273,4.052442888,4.05717364
7.961585326,23.48621441,4.057055142,4.096230636
7.189021304,23.46937841,4.053752383,4.067327063
6.4178608,23.45613025,4.084300672,4.047820728
5.638480704,23.44915329,4.091382512,4.066719338
4.865281229,23.4419454,4.092859739,4.072699281
4.089044455,23.44053627,4.066546763,4.019483093
3.311909907,23.43299155,4.056509704,4.099989165
2.53364416,23.44024047,4.057615638,4.024778269
1.757226519,23.44859214,4.069698982,4.03812362
0.981641108,23.44097979,4.056339188,4.097169324
0.20410715,23.44953251,4.090691324,4.086959468
-0.575895376,23.45926951,4.022606918,4.028236047
-1.3598822,23.48025978,4.094734908,4.061610396
-2.140489583,23.49844591,4.04715553,4.012368482
-2.920034757,23.51526908,4.076152791,4.039416607
-3.703773614,23.53766504,4.095610274,4.021963412
-4.479928815,23.55481651,4.00723842,4.094259099
-5.259185476,23.58901157,4.02121043,4.004822748
-6.03927625,23.60832568,4.086959111,4.042924254
-6.835938684,23.62148373,4.025335122,4.049913207
-7.617469427,23.63761874,4.063924017,4.021190123
-8.38837005,23.64115372,4.096699967,4.05246445
-9.160320379,23.64302997,4.038365383,4.013560853
-9.949196271,23.65152554,4.027740582,4.084377057
-10.73719563,23.67253038,4.035019282,4.048792821
-11.53167159,23.69986822,4.039591227,4.089560865
-12.31113763,23.73710183,4.075752563,4.005473684
-13.08907902,23.76705635,4.091581272,4.029704259
-13.86348461,23.78568761,4.019140067,4.050371409
-14.63921796,23.79921149,4.026872792,4.082999063
-15.42037836,23.81518881,4.06265201,4.041060515
-16.19526518,23.87300764,4.074773987,4.035195258
-16.97463583,23.90473009,4.080657451,4.057889122
-17.7519427,23.93492513,4.06549397,4.046841398
-18.52987629,23.97557536,4.088591099,4.086150221
-19.30727568,24.0258961,4.005825685,4.068517524
-20.0876537,24.08076008,4.025828309,4.068437351
-20.86354245,24.1239537,4.046113396,4.022765702
-21.64209506,24.15078045,4.051888136,4.076093097
-22.42735449,24.18279277,4.078776546,4.039552236
-23.20442476,24.21903521,4.041617305,4.037658536
-23.98077205,24.24950649,4.000985119,4.089150096
-24.75510859,24.29913453,4.078394762,4.056289895
-25.52637261,24.34077431,4.05837126,4.087589345
-26.29839903,24.40028422,4.054135646,4.053168422
-27.07039966,24.46125726,4.078378413,4.08073172
-27.84229072,24.49442929,4.060363236,4.04732855
-28.62105773,24.52587438,4.086230143,4.058480181
-29.39282098,24.56920033,4.092669898,4.076590843
-30.16061905,24.61936145,4.094433146,4.079091821
-30.92531163,24.67326023,4.016238604,4.053697698
-31.69568601,24.72015968,4.008679551,4.027347297
-32.46751259,24.76119354,4.043473826,4.064772086
-33.22921327,24.82267558,4.040282005,4.044446736
-33.99605946,24.87194372,4.097926607,4.020786302
-34.76400436,24.91208553,4.091595647,4.037625309
-35.53539939,24.95871198,4.012129984,4.072582137
-36.31831007,24.99708104,4.07314465,4.080029592
-37.09534024,25.04073561,4.082698598,4.048447122
-37.87408694,25.09310917,4.001436055,4.026544576
-38.65333482,25.13195406,4.047136912,4.027386352
-39.44851573,25.17958515,4.096486139,4.007017923
-40.22338286,25.22228101,4.044669586,4.094185323
-41.00112269,25.26185049,4.073071858,4.039469822
-41.7780048,25.3061956,4.09350295,4.070793783
-42.55418669,25.35407728,4.026238903,4.035725478
-43.33035965,25.40338512,4.051292588,4.065257317
-44.12380284,25.45467229,4.051941027,4.025608467
-44.89956404,25.50145718,4.016821552,4.064024882
-45.65584952,25.54930762,4.020919165,4.067790221
-46.42480816,25.60874391,4.03005219,4.03587953
-47.21107546,25.66504137,4.036648971,4.096322683
-47.9896287,25.72283101,4.032941358,4.012709444
-48.74044013,25.81313574,4.033615882,4.079544268
-49.49596174,25.89083795,4.001148678,4.027377639
-50.25425406,25.95254911,4.042685334,4.031814883
-51.02265403,26.01412402,4.094844063,4.044472107
-51.78618284,26.10032643,4.019411615,4.079560232
-52.56653194,26.15107178,4.055245708,4.017103958
-53.31653732,26.32886534,4.054255209,4.099310488
-54.06251481,26.43529965,4.05590882,4.040372129
-54.79857619,26.53412538,4.002239417,4.027073481
-55.51383593,26.6668841,4.001715306,4.095504993
-56.21870258,26.8092522,4.017337006,4.013257128
-56.89757842,26.96755381,4.070550036,4.006871658
-57.58052026,27.11674788,4.066841701,4.096790101
-58.24010145,27.27794805,4.067164613,4.046252382
-58.90957468,27.44636812,4.008020891,4.061035817
-59.54439823,27.6539667,4.010938704,4.037722147
-60.13847741,27.86666244,4.031969741,4.053910241
-60.7462127,28.08814689,4.054131684,4.037707042
-61.33769827,28.32256646,4.058601448,4.056808215
-61.90537025,28.55254886,4.089549304,4.04483192
-62.45175578,28.79571956,4.072165308,4.01102658
-62.97694677,29.04600601,4.064781125,4.0961363
-63.48952709,29.30095768,4.061347075,4.096551261
-63.98850768,29.59164654,4.04207027,4.052370795
-64.4678101,29.8964866,4.027996126,4.099223869
-64.93862867,30.20750071,4.003706781,4.007228412
-65.40326107,30.52680262,4.070321772,4.017824361
-65.85896873,30.85696505,4.097324354,4.056613521
-66.29692446,31.20919855,4.064232251,4.025824152
-66.71810299,31.57674932,4.040778284,4.075142069
-67.12914349,31.93684446,4.032548237,4.057308745
-67.52922659,32.30848434,4.085037448,4.02122395
-67.90242323,32.69243699,4.009682906,4.010120419
-68.25592741,33.09052461,4.060345589,4.080248941
-68.58635264,33.50939143,4.078328855,4.08469851
-68.91176603,33.93564649,4.004187122,4.002895758
-69.21902668,34.37882082,4.06071831,4.05342837
-69.50874364,34.84415234,4.077820247,4.065508587
-69.76706703,35.31777251,4.074090538,4.034881504
-70.02506273,35.8038288,4.079299224,4.050668105
-70.2593159,36.30200729,4.050648116,4.065104729
-70.48799998,36.81060667,4.075635413,4.084475154
-70.70058546,37.32654938,4.0759159,4.07328195
-70.89122823,37.85266476,4.008930978,4.090041272
-71.04885393,38.39050334,4.036269989,4.099788468
-71.20386801,38.95003394,4.089709144,4.075109577
-71.33921544,39.51853318,4.035006264,4.067602732
-71.46174507,40.08578928,4.090230703,4.052386348
-71.54422334,40.68121724,4.030474531,4.012597886
-71.61133203,41.2841741,4.037299444,4.051609928
-71.68386311,41.86152801,4.069335633,4.097853299
-71.72933229,42.45688683,4.016824015,4.02822135
-71.74633504,43.07905688,4.071574522,4.037171001
-71.74575706,43.7014341,4.075702498,4.046529685
-71.73217889,44.3172368,4.001673405,4.039334504
-71.68271266,44.98283706,4.079018706,4.058278836
-71.63833667,45.53872919,4.074577165,4.020104316
-71.57189671,46.19067775,4.050547168,4.020890999
-71.50377635,46.82192779,4.058006612,4.029219242
-71.42888509,47.44368096,4.072306032,4.029001029
-71.34080798,48.06388283,4.010718605,4.023831513
-71.25013794,48.67527016,4.086590355,4.089974268
-71.13436476,49.30418032,4.059467124,4.043494388
-71.0256823,49.94478173,4.051103144,4.065009779
-70.88709441,50.59828057,4.043783878,4.056202441
-70.75930846,51.23276438,4.010348644,4.060681741
-70.63199107,51.87698894,4.084976396,4.089890276
-70.48343748,52.51015418,4.080385579,4.04579158
-70.33127534,53.14423252,4.016880046,4.076840027
-70.18045235,53.78284655,4.050721501,4.072758417
-70.03107629,54.42414675,4.037311685,4.086842023
-69.87675483,55.06187276,4.054567455,4.044479893
-69.71281358,55.69347892,4.084046649,4.089845783
-69.54068336,56.32082635,4.075190615,4.06130621
-69.3527784,56.93865149,4.077552728,4.085177091
-69.14075249,57.56274687,4.041803135,4.080435935
-68.92569397,58.16776797,4.000140431,4.064319201
-68.70136295,58.77455499,4.066561571,4.051916925
-68.46075636,59.37403137,4.070713251,4.083304383
-68.21129308,59.9695749,4.006219543,4.040022226
-67.93688602,60.57251863,4.047419275,4.060410535
-67.65748386,61.16254055,4.056993454,4.022925211
-67.37519141,61.75023194,4.097268164,4.014872611
-67.08528359,62.33897419,4.031319095,4.028789286
-66.78025348,62.92046545,4.063388113,4.080902177
-66.45463253,63.49075167,4.063256992,4.078008807
-66.0909022,64.08808894,4.039752593,4.061701245
-65.73681406,64.65360443,4.056566119,4.059331073
-65.37986487,65.20285617,4.09723895,4.005650026
-65.02438641,65.75571613,4.063407185,4.087379823
-64.6628576,66.30395367,4.021580318,4.050732299
-64.28397258,66.84814704,4.032423762,4.024688692
-63.88801387,67.39929987,4.0574619,4.082754138
-63.47332999,67.94298942,4.02203202,4.099804089
-63.05982625,68.4851926,4.048791416,4.018893001
-62.648732,69.02375971,4.02294314,4.066713293
-62.23426926,69.55885262,4.088520465,4.032297968
-61.81185909,70.09034057,4.024134485,4.010881282
-61.37684184,70.61240819,4.085527928,4.021614815
-60.94903325,71.14098469,4.028864804,4.069316646
-60.52492688,71.67620796,4.087250391,4.098060993
-60.08443395,72.19174493,4.091820272,4.010588779
-59.60747724,72.70406643,4.0803581,4.019305944
-59.14801124,73.19943782,4.027587759,4.056772326
-58.68817567,73.69895796,4.033753011,4.005976488
-58.2253949,74.19197932,4.01872713,4.072112057
-57.75789145,74.67785849,4.068985971,4.071130585
-57.28725504,75.12894279,4.09962184,4.040208859
-56.81138819,75.58049477,4.058166428,4.056886035
-56.33325512,76.02177503,4.06661359,4.052390407
-55.85053162,76.4661996,4.042222476,4.065802927
-55.36443195,76.90618596,4.023987249,4.076326635
-54.86308634,77.32925584,4.002146761,4.042362642
-54.3506024,77.7328714,4.03502463,4.095635452
-53.83448326,78.13832733,4.04593719,4.0634654
-53.31085881,78.53933298,4.023293749,4.015635848
-52.79477619,78.92689975,4.013839218,4.014327745
-52.26563041,79.31595323,4.074063822,4.083300124
-51.72864927,79.69396959,4.086363747,4.095609532
-51.18009191,80.06890373,4.097486685,4.008501704
-50.6321085,80.43886769,4.034565987,4.046859264
-50.07485292,80.79962001,4.04667974,4.06324026
-49.51654094,81.15096664,4.024771862,4.088088322
-48.94756806,81.48614404,4.004735785,4.080237022
-48.3780192,81.81692505,4.059287657,4.07849442
-47.82344447,82.13620491,4.02466454,4.026882996
-47.25543058,82.47239618,4.069719898,4.03777977
-46.67770378,82.7944044,4.007806577,4.038242638
-46.09739426,83.10285532,4.092492286,4.07398917
-45.5121327,83.39920787,4.046041008,4.073056437
-44.93494665,83.68348317,4.019640647,4.030055633
-44.34814715,83.97763858,4.04839856,4.02793187
-43.75918392,84.26513913,4.033209461,4.055135374
-43.16657919,84.54878322,4.022275091,4.092821368
-42.57419841,84.8337122,4.029784047,4.088300668
-41.9842573,85.11352122,4.049055606,4.090915443
-41.4175123,85.34882286,4.027997758,4.039672862
-40.81624057,85.6131843,4.034041218,4.096167074
-40.21676947,85.89279051,4.075243338,4.028591806
-39.61353343,86.16993755,4.023783228,4.014602677
-39.00492007,86.42286673,4.077241119,4.043603596
-38.39563251,86.68654523,4.046057911,4.08280879
-37.79412782,86.93674306,4.071737696,4.031349993
-37.20419521,87.17897125,4.074949083,4.036026543
-36.59820893,87.38642982,4.05750953,4.095733435
-35.98061018,87.59580594,4.095686345,4.099581389
-35.36244203,87.79513077,4.053667263,4.055265939
-34.73800054,87.97851311,4.01434598,4.064752136
-34.11887487,88.16980913,4.053662118,4.081472617
-33.48903309,88.35251196,4.042547438,4.074578138
-32.84235521,88.51150098,4.068815356,4.012492797
-32.20262649,88.67588623,4.079513713,4.073506906
-31.59193577,88.84063394,4.0364401,4.007121938
-30.96117759,89.02135619,4.03261081,4.021486581
-30.31172247,89.18559601,4.082699626,4.00369419
-29.66837663,89.35585585,4.052092584,4.033966604
-29.02303221,89.52191008,4.068760605,4.018687951
-28.37387967,89.68908325,4.037732964,4.048241327
-27.72196966,89.85755283,4.039625287,4.028770362
-27.0736972,90.02787299,4.079261234,4.028549864
-26.42829702,90.19858502,4.013989686,4.004250393
-25.77915755,90.35720786,4.027431552,4.03398014
-25.14520695,90.51797897,4.017161349,4.046603562
-24.51213775,90.6707905,4.022526817,4.05166111
-23.87902747,90.8162177,4.043761672,4.000210366
-23.25195053,90.96222495,4.042477421,4.050204682
-22.6205553,91.10167653,4.078403971,4.092011792
-21.99163022,91.23889441,4.025477377,4.031488485
-21.35878508,91.3754118,4.090258359,4.012145628
-20.73337266,91.50553514,4.038732616,4.020798521
-20.10263523,91.63201508,4.029573857,4.080709379
-19.48095945,91.75927707,4.097969499,4.012661455
-18.85645617,91.89142183,4.032453815,4.063689776
-18.23904898,92.02803072,4.049153055,4.028122093
-17.62528068,92.16582489,4.072618941,4.09083413
-17.01073027,92.2932886,4.084967008,4.042058116
-16.39344298,92.40500879,4.044759143,4.009314782
-15.77747317,92.52315691,4.012121317,4.085768578
-15.17182394,92.6539113,4.027196521,4.012429621
-14.56920015,92.78808073,4.063009316,4.026135815
-13.97022105,92.92057419,4.093345841,4.070421075
-13.37522915,93.05317729,4.066831471,4.079857664
-12.78412366,93.18488106,4.022323594,4.088594738
-12.19473917,93.30850087,4.060731578,4.079884673
-11.60793644,93.42231979,4.083276285,4.014062258
-11.02520139,93.54156662,4.00464603,4.004941025
-10.45053935,93.66972371,4.039563027,4.067827595
-9.8921713,93.78683583,4.072596039,4.030452569
-9.324600021,93.88996144,4.012967979,4.009570634
-8.75336481,93.9787361,4.037176399,4.052437762
-8.187238436,94.08391066,4.018555554,4.069619806
-7.619457965,94.17001584,4.016993674,4.04234643
-7.048114917,94.25020341,4.087301196,4.025364617
-6.478030174,94.33547639,4.044509553,4.079843753
-5.9062896,94.4408015,4.009063611,4.091176994
-5.333928085,94.53552466,4.016213509,4.040728539
-4.757231318,94.63879271,4.002352711,4.095402406
-4.182064604,94.75177185,4.022564898,4.093984224
-3.602299131,94.85628766,4.053242107,4.08938562
-3.014423447,94.95435342,4.004162052,4.03671409
-2.421195871,95.05068105,4.068434017,4.04065987
-1.824079449,95.15056737,4.02864724,4.071207391
-1.21316577,95.23791132,4.03899939,4.062618307
-0.593689945,95.32126047,4.077091565,4.088250864
0.031824633,95.4161962,4.015590313,4.061832538
0.675372055,95.48556468,4.056944504,4.055517698
1.331400002,95.55447412,4.07305565,4.00508631
1.992910053,95.62579774,4.076865186,4.000721839
2.66151829,95.68540826,4.050319434,4.081303009
3.346822735,95.74047354,4.024090244,4.021815655
4.042542597,95.77913646,4.050069245,4.002886853
4.736959492,95.82406242,4.002670194,4.043468332
5.447256855,95.86425659,4.089269376,4.040989889
6.170119278,95.90738824,4.0973164,4.093195017
6.902474209,95.93983829,4.078288613,4.025040743
7.64492895,95.95294485,4.060668334,4.051168669
8.394360883,95.95310548,4.039122767,4.094855281
9.155324237,95.95252751,4.083682301,4.055566747
9.918198928,95.93997037,4.032656545,4.091098938
10.68325105,95.90176204,4.083128845,4.082284355
11.4598275,95.85707863,4.060194645,4.017282038
12.24620289,95.80730595,4.010737119,4.010174495
13.04385093,95.74227066,4.076231997,4.010157511
13.85198665,95.66782437,4.042747539,4.046091468
14.67995926,95.57554382,4.075713711,4.072491763
15.53144848,95.4625632,4.05234513,4.08253507
16.3634972,95.35088109,4.026752653,4.094188263
17.21243436,95.23131796,4.041075967,4.019711208
18.06732282,95.08055768,4.037820976,4.003390305
18.90744602,94.90657874,4.022145182,4.037649865
19.76126955,94.73555626,4.042355367,4.057698533
20.66858134,94.57274718,4.063144668,4.021585609
21.55758914,94.40706641,4.099779226,4.078656985
22.45076636,94.22571565,4.084796841,4.040072728
23.34606156,94.0558555,4.094652527,4.023008132
24.25153587,93.89976003,4.048535865,4.087903423
25.19589455,93.74400708,4.078581143,4.05507813
26.11334561,93.58880159,4.08351449,4.062060899
27.03807278,93.4405829,4.056085838,4.069892031
27.96923738,93.30457794,4.055997246,4.006770342
28.91072372,93.18531085,4.090083629,4.030128705
29.84214169,93.07092004,4.001153437,4.086547755
30.77409051,92.96404225,4.033451608,4.036623337
31.70662487,92.86345876,4.043305718,4.00611744
32.63750766,92.77296111,4.003700537,4.032575509
33.57289109,92.6853123,4.014917347,4.094793608
34.50128926,92.60521489,4.074573683,4.035653882
35.43537492,92.51602692,4.082427929,4.011867706
36.35926257,92.43714465,4.079386547,4.033124365
37.28728435,92.37697006,4.030205556,4.049466196
38.19656277,92.32294571,4.018630807,4.05675946
39.11181699,92.28301086,4.093036149,4.024151403
40.00224742,92.25029369,4.066906956,4.070192965
40.90027742,92.22708566,4.014716791,4.091569459
41.77681234,92.20250418,4.062946346,4.093920223
42.6384081,92.19540012,4.079439033,4.080239365
43.48425824,92.1995863,4.039994466,4.047491604
44.32698238,92.21396397,4.061904959,4.065346266
45.15868974,92.24703778,4.043603981,4.063337554
45.97905662,92.28467819,4.034232425,4.069325399
46.79600195,92.33006253,4.052817103,4.045244296
47.60712385,92.38572467,4.056600643,4.033152029
48.40659091,92.45562183,4.051385967,4.001700795
49.1906849,92.5410085,4.022767447,4.043417382
49.96600209,92.63919475,4.035089957,4.099101333
50.73445778,92.75418243,4.051245066,4.091287394
51.49751163,92.88571414,4.025047404,4.059827028
52.25177128,93.02005687,4.026192718,4.044809839
52.99586401,93.17589268,4.066048682,4.071210936
53.73800539,93.36340683,4.001450119,4.049971126
54.47059663,93.55835031,4.052447037,4.042485481
55.20795997,93.76644768,4.078879437,4.032539909
55.92562906,93.98425786,4.085095619,4.001615494
56.63585243,94.20900674,4.052741407,4.098034441
57.32325245,94.46331256,4.056707887,4.080391642
57.99168927,94.73468057,4.09626737,4.022330571
58.67935452,95.01080875,4.020242048,4.058069734
59.35558843,95.30911679,4.092238463,4.028164197
60.05972181,95.66297119,4.00244526,4.007164084
60.77032719,96.03213045,4.088526383,4.002759033
61.45599097,96.39682133,4.074953158,4.043719785
62.07718931,96.75018637,4.091755136,4.031454202
62.70323225,97.10519075,4.088031164,4.068426668
63.34542559,97.46640314,4.051238544,4.026201485
63.98647815,97.80382083,4.022077942,4.053464088
64.63318244,98.15992476,4.059565444,4.07414583
65.22988869,98.51583859,4.083587532,4.033878168
65.83796301,98.87226564,4.051805283,4.062123878
66.44716293,99.2518938,4.078389667,4.012377883
67.04309844,99.60708759,4.003425601,4.086086387
67.64597603,99.97967801,4.08315044,4.02376347
68.24620932,100.3074108,4.055554836,4.07788048
68.83674103,100.6411823,4.043754308,4.02220807
69.420185,100.9761216,4.067726349,4.066908661
69.98897806,101.3205466,4.080191239,4.090976365
70.54591987,101.6792292,4.080378063,4.052947969
71.09565014,102.0319754,4.027306986,4.073357284
71.63230432,102.3919352,4.08301969,4.089259811
72.16650863,102.7488177,4.070275559,4.027882699
72.6796535,103.1024895,4.046083249,4.085050932
73.19840175,103.4757573,4.02045657,4.093631188
73.68711711,103.829437,4.033715974,4.024486563
74.19166056,104.1845195,4.048768641,4.068750338
74.67996616,104.5337672,4.046648656,4.051916877
75.15839828,104.8830421,4.066735239,4.004297762
75.63499185,105.2419794,4.051971196,4.019381321
76.10433354,105.6062665,4.016894516,4.00031253
76.55918443,105.9823063,4.044606969,4.043788009
76.99529414,106.3575391,4.006103067,4.094459426
77.41881085,106.7337954,4.062730873,4.042828027
77.83127365,107.124166,4.068551369,4.049314287
78.242261,107.5125249,4.053401098,4.055846086
78.62448633,107.9064687,4.092545917,4.067222157
79.00549643,108.3194052,4.097802561,4.063546357
79.37268941,108.7285403,4.055499307,4.045824429
79.71503799,109.1497955,4.014450876,4.096187598
80.04232265,109.5860088,4.00049715,4.074167501
80.34404483,110.0356838,4.065242366,4.034296955
80.63966498,110.4952131,4.071089004,4.078216109
80.90825877,110.9612326,4.006149483,4.033400627
81.13251486,111.4470199,4.077154021,4.002105104
81.34334424,111.928222,4.027989925,4.061722811
81.53828368,112.4211923,4.07595585,4.060918491
81.70542563,112.9260418,4.063710964,4.015180453
81.84699138,113.4288455,4.009420711,4.034430248
81.95368729,113.9408182,4.003268242,4.067953602
82.03792844,114.4678532,4.042592271,4.004106038
82.0645164,114.9685435,4.019427226,4.049069372
82.05576398,115.4529418,4.086500544,4.087329208
82.02076137,115.9428236,4.006030892,4.037497409
81.97608534,116.4406239,4.064536391,4.073390577
81.91149171,116.936948,4.010660552,4.023950416
81.82892952,117.42501,4.033661525,4.094436828
81.69695514,117.9177991,4.03899458,4.046072039
81.53561044,118.4247081,4.011810345,4.084786182
81.32541695,118.8934591,4.094064817,4.065960207
81.08502232,119.3513527,4.054290806,4.068000824
80.84115392,119.8063826,4.047205555,4.097332992
80.57406046,120.2177941,4.06495277,4.082559035
80.27529047,120.6397496,4.033167757,4.077157417
79.92715161,121.019812,4.052455564,4.005701772
79.56300133,121.4406785,4.006548221,4.066342935
79.17783159,121.8419248,4.001512237,4.062808317
78.76826514,122.234552,4.029287465,4.025843925
78.34065746,122.6093046,4.08198297,4.041086126
77.87649406,122.9610295,4.032198483,4.048710028
77.40270068,123.3103427,4.09156037,4.059046718
76.89702962,123.6616933,4.094500662,4.040557557
76.37588868,123.9987664,4.087740492,4.053378306
75.83719117,124.3099981,4.049878295,4.05225162
75.27484309,124.592421,4.0500974,4.052665433
74.69610715,124.8899058,4.050480689,4.045489382
74.08218992,125.1884317,4.092779547,4.04486102
73.44007897,125.4682197,4.010985357,4.0241858
72.78482125,125.7322482,4.092766382,4.062438781
72.10131194,125.9838123,4.007756432,4.009913635
71.39853864,126.2169666,4.090702055,4.086905513
70.6748993,126.4388901,4.020990642,4.029892887
69.94608173,126.6473296,4.056343246,4.039048417
69.19890887,126.84248,4.030767988,4.004858551
68.4256116,127.0241304,4.069014773,4.060394917
67.62481947,127.1960164,4.095134319,4.009469088
66.82120641,127.351116,4.065850063,4.082521248
65.99398966,127.4685068,4.035383108,4.073783871
65.15167973,127.5743404,4.054407927,4.086094488
64.30288824,127.661494,4.029940057,4.032418068
63.4367066,127.730199,4.078157478,4.010106781
62.5619788,127.7857498,4.091411167,4.019761012
61.66759251,127.8191878,4.005334847,4.095396234
60.76865145,127.8394246,4.091746149,4.074728072
59.88431904,127.8324718,4.031667071,4.056163085
58.96728393,127.8177241,4.001559804,4.03373225
58.04549277,127.7828684,4.003188033,4.092410181
57.12258518,127.7396209,4.056954907,4.040648281
56.20401093,127.6795587,4.095631897,4.046971342
55.2822154,127.6131261,4.044468649,4.037936854
54.34923815,127.5351208,4.036109943,4.067511734
53.43688232,127.4621544,4.069114569,4.024640542
52.50668472,127.3667017,4.043658835,4.035421666
51.58043201,127.2703297,4.046763349,4.028740362
50.64735131,127.1663981,4.018452863,4.067038928
49.71912273,127.0617857,4.092870317,4.087095928
48.79180217,126.9655636,4.008340765,4.00807337
47.86517715,126.8715715,4.004582157,4.06234166
46.93788087,126.7773513,4.090571979,4.037556282
46.01437652,126.6800099,4.095177758,4.066614013
45.10498636,126.5894678,4.02967519,4.077497285
44.18479578,126.4990511,4.005786584,4.036370509
43.25584113,126.417546,4.095373699,4.063524393
42.33377952,126.3317024,4.084235937,4.004508825
41.41424352,126.2501796,4.000114457,4.087355506
40.49507091,126.1748654,4.048095419,4.051414307
39.57393513,126.1038544,4.007231558,4.016408444
38.6515113,126.0285956,4.028440988,4.076910468
37.73008452,125.9566754,4.032080715,4.050732885
36.82134073,125.8887426,4.010069518,4.096444328
35.90003094,125.810346,4.034668127,4.09291061
34.98857804,125.7265258,4.080987369,4.070396208
34.07126001,125.646139,4.041898208,4.018369774
33.15256539,125.5766531,4.007395327,4.006352884
32.23182668,125.5166241,4.049708553,4.008067082
31.30609978,125.4436665,4.026880758,4.036217581
30.37834743,125.3600067,4.059890017,4.015012941
29.45569683,125.2859976,4.011841982,4.085316972
28.53116538,125.2154231,4.016423174,4.006446125
27.61264445,125.1429273,4.053538309,4.048295995
26.68640424,125.0663843,4.08441714,4.093982511
25.76392773,124.9876081,4.070033628,4.021399691
24.84064602,124.9080944,4.047680025,4.035312968
23.91723672,124.8360924,4.056019677,4.036792113
22.9954692,124.7648795,4.097678589,4.06297917
22.07650959,124.6954017,4.007271866,4.065898312
21.16311236,124.6283211,4.042241368,4.084864733
20.23685502,124.5630052,4.051626388,4.021645447
19.31061,124.5051597,4.05671811,4.036251931
18.38883819,124.4467523,4.02901743,4.03455411
17.46840153,124.3857286,4.061010968,4.008573354
16.54938529,124.3135491,4.0308282,4.052627042
15.63332269,124.2426376,4.008183269,4.0628904
14.72178126,124.1716456,4.082751988,4.033047086
13.81209861,124.1059439,4.072217073,4.081680818
12.90511085,124.0463933,4.087244594,4.052118297
12.00157523,123.9972945,4.005202394,4.033876898
11.09788618,123.9417332,4.030076856,4.098408576
10.19289821,123.891718,4.053248652,4.088243308
9.295238698,123.8407249,4.06308964,4.065946357
8.403085824,123.7811616,4.046070202,4.032371988
7.513091157,123.7213418,4.086140653,4.028429647
6.623978692,123.6722368,4.020837639,4.050570328
5.739479394,123.6225981,4.000847244,4.083114036
4.860167787,123.5685694,4.040174177,4.036019849
3.979848176,123.5163369,4.017444845,4.028878461
3.10656138,123.4640831,4.034988261,4.097594747
2.238350663,123.4023926,4.01453861,4.083743774
1.375914235,123.3414461,4.056212071,4.072068411
0.520032575,123.2850582,4.060798134,4.006671996
-0.335350627,123.2222284,4.029208272,4.002259817
-1.189367686,123.1710997,4.017561805,4.022667016
-2.040070788,123.1275571,4.037914795,4.087835549
-2.883315814,123.0860251,4.071476407,4.076027188
-3.725375567,123.0302164,4.056883295,4.032234507
-4.566021731,122.9795405,4.092975212,4.0187937
-5.401436801,122.9260824,4.027595127,4.026580667
-6.231953681,122.8776877,4.025025299,4.098829013
-7.05961822,122.8294918,4.006488324,4.082397641
-7.883691024,122.7860643,4.053155864,4.020854937
-8.698093829,122.7434962,4.036504346,4.056662664
-9.511884124,122.7056674,4.094686992,4.000422955
-10.32835269,122.6704192,4.003831852,4.009921688
-11.13525028,122.6374107,4.062187369,4.098141734
-11.93569634,122.6019542,4.073412885,4.022340181
-12.72297833,122.5695457,4.036071129,4.002737271
-13.50304343,122.5427953,4.029393929,4.01928074
-14.28221689,122.5115397,4.093805174,4.001276397
-15.05491881,122.4875603,4.04568478,4.033726002
-15.82207085,122.4679266,4.035471273,4.020540502
-16.57824623,122.4525479,4.055035221,4.042560589
-17.33231764,122.4301677,4.094170818,4.035254307
-18.08416212,122.4157393,4.002107976,4.018834216
-18.82873766,122.3916312,4.021484784,4.094029824
-19.56839848,122.3781036,4.064958108,4.000781591
-20.30391132,122.3615151,4.073436366,4.096742194
-21.03464839,122.3329302,4.050582749,4.061867695
-21.74742127,122.3047632,4.052700317,4.078849466
-22.45589469,122.2853187,4.000206272,4.001436663
-23.1626656,122.2682207,4.096159907,4.003204269
-23.8629942,122.2491384,4.028504739,4.089785137
-24.55403993,122.2387449,4.067276001,4.058184714
-25.24199315,122.2292429,4.022459039,4.088488529
-25.92701317,122.2142314,4.052512618,4.098834075
-26.61974641,122.1957752,4.008790537,4.066821245
-27.29530758,122.1809043,4.050328825,4.057573363
-27.96491678,122.1695743,4.015104499,4.073180966
-28.6311642,122.1584065,4.011584032,4.09861107
-29.29432182,122.1504628,4.089718232,4.027001469
-29.95445973,122.1427054,4.032100372,4.08143771
-30.6092752,122.1472006,4.074922773,4.006632227
-31.2590311,122.1564484,4.07104109,4.011956945
-31.90326651,122.1534406,4.020752689,4.071569122
-32.54429729,122.146986,4.052216155,4.020316101
-33.18405354,122.1401049,4.055265955,4.013057921
-33.81598998,122.1186695,4.023878474,4.064784671
-34.44616159,122.0964272,4.008560633,4.058146587
-35.06831538,122.0627509,4.046947183,4.096113624
-35.6857649,122.0111159,4.025573573,4.033228478
-36.30236199,121.9663406,4.06813928,4.002754032
-36.94059044,121.9665246,4.009580797,4.066334386
-37.54680349,121.9587984,4.031123791,4.078335077
-38.15038037,121.9471896,4.040641757,4.064905065
-38.74984808,121.9437398,4.063415222,4.062465175
-39.33978747,121.9633305,4.024976098,4.094700087
-39.92634196,121.9572432,4.010148471,4.035412734
-40.50876344,121.9594109,4.024019409,4.025925218
-41.08981687,121.955353,4.086305728,4.048861049
-41.66435229,121.9509651,4.051073769,4.013085306
-42.2358692,121.946851,4.026030269,4.00825117
-42.80814795,121.9464879,4.018592117,4.033637774
-43.37672964,121.9415325,4.096690596,4.067944374
-43.93967007,121.9352469,4.080727352,4.096537054
-44.50741529,121.9378531,4.068038009,4.081782667
-45.08079588,121.9380222,4.05168542,4.070571911
-45.65655698,121.9334058,4.049420657,4.00781939
-46.23132408,121.924436,4.070964145,4.035170322
-46.80780316,121.9185377,4.094861093,4.022487819
-47.38695686,121.9096474,4.032179843,4.095294954
-47.96621204,121.8945225,4.09317151,4.078827542
-48.54782256,121.8775057,4.052936758,4.066563747
-49.13252282,121.8694449,4.091392827,4.093611149
-49.71673743,121.861758,4.055606463,4.076774934
-50.30294569,121.8628302,4.057598322,4.050387935
-50.89065089,121.8469267,4.019530117,4.090245155
-51.48115475,121.8354457,4.040535008,4.040985039
-52.07505128,121.8323588,4.009807528,4.083155659
-52.67022692,121.8282738,4.09082982,4.00013785
-53.26353043,121.8314908,4.001758919,4.009686629
-53.85805453,121.83311,4.012419103,4.089214247
-54.4530304,121.838307,4.064259339,4.07410075
-55.05529047,121.8371483,4.031782459,4.086671286
-55.66154159,121.8382262,4.007889199,4.044150703
-56.26950179,121.8467585,4.06826052,4.088750547
-56.86705097,121.8577915,4.036379106,4.097882144
-57.49054552,121.8556076,4.083886959,4.063660037
-58.11235883,121.8587413,4.072590126,4.027508739
-58.72101278,121.8633276,4.057456702,4.083486499
-59.33365345,121.8655446,4.085135932,4.07731753
-59.94413653,121.8684781,4.0899023,4.037086639
-60.55633955,121.8602686,4.034735741,4.071568236
-61.16970532,121.845332,4.043225032,4.002871945
-61.78569168,121.8460857,4.085939235,4.010386927
-62.40231316,121.8532914,4.075975318,4.086036009
-63.0212216,121.8489623,4.053202964,4.083209157
-63.64702081,121.8676145,4.068558874,4.004358607
-64.26988538,121.8913724,4.051385764,4.093031633
-64.89657751,121.932526,4.094590143,4.028497588
-65.52670549,121.9934549,4.009929519,4.023911243
-66.15555648,122.0513997,4.061096114,4.030265337
-66.75902583,122.068305,4.005743945,4.048772236
-67.38459343,122.0819798,4.032603562,4.048205048
-68.0160675,122.1012469,4.03439837,4.080612126
-68.64920633,122.1148351,4.089475449,4.018729535
-69.28714481,122.1189855,4.017868621,4.062301944
-69.92686777,122.1325849,4.067313385,4.093137217
-70.56856573,122.1416783,4.04136308,4.095810535
-71.20646662,122.1580609,4.03846337,4.024658541
-71.84767194,122.1752305,4.052747436,4.067541163
-72.48776896,122.1879516,4.01427539,4.077211828
-73.12824468,122.1985966,4.076239816,4.038656802
-73.76771598,122.2142901,4.032267673,4.06262111
-74.40671528,122.2363844,4.068234116,4.063837796
-75.04341132,122.2416265,4.05858118,4.096440289
-75.67261374,122.2489946,4.08516079,4.012809087
-76.29613501,122.2633333,4.086505921,4.035389212
-76.91864915,122.2836316,4.074402832,4.079168156
-77.53472867,122.3039279,4.097167446,4.087842299
-78.14499783,122.3184512,4.032765828,4.057593072
-78.75221837,122.3392602,4.068320052,4.015321266
-79.35460974,122.3644373,4.082981125,4.028776037
-79.95204393,122.3868558,4.017404999,4.05316774
-80.54390892,122.4069632,4.094054762,4.01477679
-81.13281529,122.4266409,4.050107637,4.082120871
-81.71843776,122.4545286,4.057626771,4.063280952
-82.30031209,122.4852887,4.003966823,4.011923976
-82.87867848,122.5040519,4.0295538,4.008614313
-83.45776825,122.529797,4.035950214,4.076373491
-84.03880043,122.541961,4.09989973,4.03652281
-84.62024336,122.5607581,4.032643998,4.026809258
-85.21228297,122.5823718,4.067951244,4.040778618
-85.8013459,122.6105916,4.027578614,4.006306923
-86.38435753,122.6344942,4.03775613,4.063564546
-86.96945375,122.6612311,4.035112645,4.024820616
-87.55736555,122.6883018,4.050725821,4.084428787
-88.13702434,122.7218032,4.023168056,4.034524105
-88.724381,122.7476567,4.029352992,4.057803672
-89.33639926,122.783008,4.065930747,4.004439796
-89.93566379,122.805058,4.039161376,4.082138478
-90.55071989,122.8298277,4.095721327,4.037200985
-91.17394072,122.8601374,4.002747933,4.072406112
-91.80950226,122.8852743,4.043907282,4.078131842
-92.43088686,122.8922005,4.059469209,4.083525652
-93.05337189,122.8920272,4.033083329,4.053062361
-93.67721648,122.9112275,4.014639265,4.055803448
-94.29816071,122.9244895,4.0449573,4.06726662
-94.92571452,122.9202694,4.00573726,4.026643327
-95.55555574,122.9206581,4.012734343,4.034011072
-96.18836913,122.9148738,4.002849045,4.046228562
-96.82247873,122.8954132,4.023353322,4.065053194
-97.45745058,122.8653573,4.043720943,4.046996416
-98.10121161,122.8268737,4.05048513,4.094326436
-98.73520522,122.783366,4.058455585,4.032095655
-99.37930266,122.7333893,4.030601815,4.064969825
-100.0232309,122.6679098,4.034115098,4.077053097
-100.6565948,122.5972338,4.003276193,4.092365147
-101.2958453,122.5129749,4.05587975,4.012113603
-101.9617778,122.4134336,4.029582549,4.041714085
-102.5998104,122.2926198,4.028233349,4.01278581
-103.2254511,122.1671994,4.053735125,4.026067869
-103.8380568,122.0281048,4.075198616,4.030657489
-104.4669888,121.8810151,4.089626489,4.003010295
-105.0934226,121.7216906,4.059616941,4.095586195
-105.7259157,121.5558941,4.02333166,4.044008993
-106.3329747,121.3786599,4.044216333,4.071530375
-106.9280957,121.1784785,4.010650859,4.035240055
-107.5407163,120.9821696,4.098807583,4.01697094
-108.1532326,120.783825,4.054201883,4.094516802
-108.7781545,120.5969562,4.091759367,4.09878158
-109.4045728,120.4160434,4.04532929,4.027503557
-110.0258847,120.2197204,4.000029232,4.05115991
-110.648476,120.0244565,4.023800783,4.060201082
-111.2563575,119.786508,4.001286342,4.044077028
-111.881011,119.5715234,4.041366163,4.023279061
-112.5059294,119.3527883,4.019568262,4.05631604
-113.1315133,119.1362304,4.027069289,4.014071167
-113.7576401,118.9344487,4.067596107,4.047880682
-114.3852698,118.7229131,4.026739114,4.033570608
-115.0129188,118.5056201,4.062928767,4.023242692
-115.6664342,118.2628588,4.045232453,4.086972809
-116.3143236,118.0264764,4.096742648,4.081413352
-116.9480517,117.7810484,4.058321758,4.007222422
-117.5879556,117.5338872,4.002030628,4.067963376
-118.2378612,117.2661247,4.034058628,4.096200166
-118.853385,116.9910134,4.098340059,4.035200105
-119.483201,116.6927899,4.023864987,4.025290143
-120.0932085,116.3690871,4.001837744,4.047471236
-120.6861331,116.076232,4.004590982,4.025539445
-121.2802612,115.8100451,4.090893705,4.090126826
-121.861261,115.542457,4.037283551,4.008919296
-122.4260728,115.2575925,4.020747048,4.001401488
-122.9714684,114.9701755,4.050938288,4.031503111
-123.5318647,114.6863768,4.030394943,4.064004482
-124.0891468,114.4067639,4.090186535,4.082372376
-124.6400363,114.1113267,4.038694918,4.000554972
-125.1824285,113.7999682,4.099907785,4.067956325
-125.7172719,113.5016385,4.088940581,4.081945307
-126.2659291,113.1842546,4.082905892,4.065997249
-126.7993059,112.8813544,4.082370816,4.041045473
-127.3097498,112.5764021,4.030367457,4.000886729
-127.8048434,112.2719337,4.029714554,4.038026743
-128.2905033,111.9651256,4.070641725,4.082690927
-128.7843711,111.6572061,4.030575338,4.041321197
-129.2654774,111.3506205,4.05867707,4.049563549
-129.7324365,111.0509854,4.088689375,4.005146227
-130.1954839,110.7446993,4.030864219,4.070201882
-130.6327585,110.4408679,4.07436521,4.091079444
-131.0439703,110.1373129,4.034823689,4.093023015
-131.4928929,109.8405823,4.092818919,4.073959782
-131.944777,109.53439,4.092437791,4.067718715
-132.3779014,109.2260237,4.016047578,4.005627534
-132.7815104,108.8874407,4.001392669,4.000693395
-133.194935,108.558474,4.014224098,4.074022274
-133.5936792,108.2298124,4.009373422,4.000501301
-133.9946649,107.898831,4.088897814,4.017158702
-134.3955055,107.5756254,4.06743397,4.009416253
-134.7762845,107.229391,4.087984717,4.090439235
-135.1386291,106.8685913,4.004015317,4.039501808
-135.4694446,106.4882871,4.000809269,4.033370041
-135.7833682,106.0847754,4.02546847,4.060945824
-136.094512,105.6817512,4.039458832,4.006663949
-136.3889281,105.2598742,4.024333553,4.033459305
-136.6823673,104.8664767,4.069529908,4.043075399
-136.951317,104.4321696,4.052505966,4.026729524
-137.1962765,103.9854555,4.099524256,4.08137959
-137.4313173,103.5156063,4.046110367,4.059654842
-137.6518474,103.0321542,4.066457414,4.063363838
-137.8470873,102.5454536,4.067204892,4.043660328
-138.0272808,102.0492684,4.085782918,4.060265106
-138.1659405,101.5556695,4.058651659,4.038098984
-138.2827076,101.0385725,4.060892251,4.073003742
-138.3876476,100.5180081,4.023736237,4.021267977
-138.4584647,99.98622786,4.044486921,4.062109577
-138.4883103,99.46424278,4.024292431,4.013421935
-138.5258768,98.93856642,4.096351299,4.000073744
-138.5227788,98.42341631,4.032216764,4.097890892
-138.5027363,97.92482614,4.059455281,4.03371339
-138.4686363,97.38142998,4.059440589,4.076451315
-138.4265408,96.81258754,4.096870247,4.002614851
-138.3565775,96.24200223,4.038255912,4.023549079
-138.2727064,95.67961658,4.030543136,4.079249194
-138.1774398,95.10869447,4.050678948,4.095938821
-138.0514161,94.54957741,4.004977342,4.012283723
-137.907461,93.98004784,4.09559101,4.04754516
-137.7454383,93.40980716,4.093541796,4.018791916
-137.5613231,92.85643274,4.015217067,4.06288883
-137.3599395,92.29374997,4.051370697,4.09751644
-137.1334712,91.73019884,4.035452094,4.080098636
-136.8939891,91.1516507,4.022914129,4.016781458
-136.6538458,90.58101521,4.089900318,4.008756971
-136.4070555,90.01532069,4.034855909,4.018340124
-136.1406583,89.4499407,4.01076293,4.00138598
-135.8533478,88.88012737,4.024347683,4.038237137
-135.5521948,88.30856502,4.09456737,4.074997055
-135.250424,87.74040981,4.06344257,4.096424101
-134.9374061,87.18222627,4.044560798,4.041936734
-134.621575,86.630414,4.049314982,4.024227244
-134.292806,86.07617044,4.075705779,4.019917778
-133.9311947,85.52830006,4.007144698,4.079080459
-133.5602972,84.99166118,4.052645669,4.042209057
-133.2036966,84.46272398,4.081615549,4.031876654
-132.8399127,83.96478151,4.017663987,4.028771827
-132.442158,83.46520346,4.042461825,4.099852762
-132.0374297,82.96679211,4.005123427,4.063472951
-131.6319423,82.48337778,4.080942746,4.023756332
-131.2346675,81.99436989,4.023048011,4.007417608
-130.8148721,81.52175421,4.018682649,4.06093052
-130.3973842,81.0624801,4.090202437,4.035716771
-129.9838225,80.59718387,4.037116751,4.01879853
-129.572714,80.14421965,4.040424027,4.095378082
-129.1458539,79.7066512,4.018150821,4.014998673
-128.7086345,79.28710986,4.079792942,4.099538897
-128.2733585,78.8759236,4.033129111,4.066458423
-127.8331411,78.46465756,4.025659239,4.009691444
-127.3999966,78.0624637,4.076610153,4.019532641
-126.9696674,77.65991026,4.077016685,4.061871054
-126.5367962,77.26446577,4.016583814,4.048756659
-126.1057066,76.8759104,4.082634058,4.005448393
-125.6611038,76.49726605,4.050732263,4.038645064
-125.2037982,76.12969963,4.008679403,4.063694941
-124.7445207,75.76502637,4.019636721,4.063237414
-124.2992578,75.39512036,4.007321462,4.015614956
-123.8756134,75.01946819,4.040987985,4.082914648
-123.4589908,74.63586604,4.054902653,4.025872749
-123.0564602,74.24876177,4.097474509,4.082618569
-122.6707466,73.85943273,4.034490957,4.04804401
-122.3121448,73.46054632,4.008548435,4.048675802
-121.9630596,73.05449635,4.034452209,4.05536681
-121.6335144,72.64580394,4.043409863,4.00036571
-121.3266334,72.21792732,4.084572042,4.018267666
-121.0446511,71.77303966,4.038846564,4.022422994
-120.7775302,71.35195061,4.065523681,4.066257304
-120.5269129,70.90542934,4.047303807,4.065468187
-120.2879644,70.43165766,4.056719504,4.095571965
-120.0514165,69.97668636,4.014176707,4.082849032
-119.8592132,69.51004247,4.087495744,4.010861625
-119.671845,69.03683023,4.018769824,4.035549362
-119.4852008,68.56804379,4.001206947,4.069358888
-119.3294483,68.09353679,4.021278078,4.049972793
-119.1897971,67.61332483,4.057055575,4.029889581
-119.0689076,67.13402425,4.027774675,4.049098447
-118.9610044,66.64816025,4.09469899,4.070017536
-118.8786442,66.16722144,4.017389519,4.011901739
-118.8062518,65.69091579,4.043886231,4.050321227
-118.7426539,65.20875792,4.070562316,4.081970254
-118.6981042,64.71686153,4.035283105,4.001726315
-118.6780189,64.22039316,4.063057903,4.019729447
-118.6666542,63.72491553,4.013640564,4.080676283
-118.6759176,63.22478091,4.016046021,4.089086455
-118.705245,62.71944273,4.010001041,4.0410819
-118.7475285,62.21252506,4.034938763,4.036739645
-118.8052421,61.69623957,4.040691546,4.078846764
-118.8836847,61.16513705,4.092976344,4.034975601
-118.9735277,60.63411794,4.060161232,4.056632028
-119.0856524,60.09332886,4.010171465,4.038588704
-119.1991416,59.55568882,4.003187506,4.018264934
-119.3281915,59.00832301,4.010256882,4.097042718
-119.4660783,58.45232676,4.097409383,4.097533012
-119.6177642,57.90500832,4.067821312,4.062072479
-119.7860842,57.3474433,4.031881454,4.057924105
-119.9722111,56.78647161,4.053261821,4.004569071
-120.179486,56.21065517,4.093402863,4.083635509
-120.399091,55.63339677,4.059902036,4.002345927
-120.6287984,55.06747943,4.05641865,4.06727405
-120.8700542,54.49180266,4.016398902,4.032759857
-121.1135053,53.9224744,4.031521835,4.020219088
-121.3674617,53.34953759,4.032492435,4.02063969
-121.629353,52.77106867,4.009844804,4.027044302
-121.9182842,52.18898346,4.088825617,4.070582066
-122.2333117,51.60780677,4.073621329,4.077016635
-122.5536597,51.02325282,4.025533969,4.009890938
-122.8806169,50.45004766,4.059510134,4.030566667
-123.2094419,49.88829518,4.055232123,4.095229524
-123.552552,49.32243456,4.043663242,4.066974116
-123.8915366,48.76363921,4.023761358,4.020133342
-124.2287692,48.21343616,4.022004246,4.034368218
-124.5736404,47.67523544,4.012738683,4.093566808
-124.9222211,47.14558396,4.08437231,4.039730619
-125.2613745,46.62017026,4.092738051,4.062016717
-125.5937245,46.10356261,4.013118067,4.024692618
-125.9171521,45.60171375,4.028618729,4.06356975
-126.2364059,45.08601163,4.086377287,4.017525171
-126.5605468,44.57958787,4.079730632,4.012490287
-126.8806699,44.10121039,4.071715292,4.014425849
-127.2182527,43.60919228,4.033279614,4.099526997
-127.5341739,43.11916834,4.077880005,4.023890885
-127.8641367,42.63739262,4.096976153,4.054898912
-128.2032669,42.16448964,4.016231357,4.007549081
-128.5291531,41.68939784,4.076942206,4.069155231
-128.8540524,41.21363555,4.042498617,4.034183976
-129.1734171,40.73147092,4.017937708,4.088112271
-129.5062843,40.26062156,4.062935885,4.077880034
-129.8267921,39.78002575,4.085492102,4.032707545
-130.1550623,39.28883166,4.019224282,4.006070048
-130.4852821,38.79998854,4.05180362,4.018746954
-130.8217101,38.30473733,4.090886519,4.043354412
-131.1525423,37.8125322,4.061900073,4.001454718
-131.4944794,37.321618,4.030268877,4.082365729
-131.834109,36.82020863,4.083984784,4.059631901
-132.1794569,36.31070567,4.026330085,4.061570052
-132.5328118,35.7992188,4.001537083,4.046336682
-132.8834196,35.27676555,4.006270164,4.079775451
-133.2425266,34.74381904,4.028131528,4.041779191
-133.6088536,34.2016107,4.04487886,4.093655573
-133.9817447,33.65437869,4.019907471,4.087136225
-134.3627655,33.0969591,4.028889369,4.097311369
-134.7631182,32.52890201,4.081775836,4.014224305
-135.1880429,31.95796093,4.066524209,4.006472597
-135.6174651,31.37205613,4.088116918,4.012739536
-136.0456527,30.77511553,4.086838968,4.068646428
-136.4750046,30.15445378,4.046656659,4.006169686
-136.9181419,29.52497579,4.093605669,4.041802369
-137.3626887,28.88193225,4.06523266,4.068090869
-137.8383869,28.20762312,4.093861912,4.018642325
-138.302432,27.54691055,4.047888029,4.010218669
-138.7700351,26.86940831,4.036965234,4.022615602
-139.2532516,26.18570491,4.003136678,4.001871909
-139.7585389,25.50135573,4.078888136,4.095362742
-140.2619197,24.80539126,4.007034573,4.008595948
-140.7750803,24.1030805,4.025403961,4.039900355
-141.305163,23.39075685,4.035750638,4.061869925
-141.8468332,22.6750535,4.026847204,4.034158367
-142.4077155,21.96063688,4.070234029,4.046930247
-142.9954117,21.23403376,4.042731107,4.075934661
-143.5833393,20.5061043,4.099824639,4.030514225
-144.1843686,19.73662296,4.035074879,4.092025775
-144.7816839,18.97801969,4.060116548,4.008521221
-145.3854146,18.17950314,4.084072946,4.002435416
-146.0023686,17.3947422,4.044909489,4.027560128
-146.618646,16.58882137,4.089290872,4.009041597
-147.2488274,15.78226457,4.060675808,4.057030605
-147.8716819,14.95288231,4.077407359,4.083143293
-148.4924824,14.11011218,4.011398178,4.099293556
-149.1283283,13.26125603,4.069214147,4.065898876
-149.7408372,12.36821258,4.05356584,4.049174472
-150.3355673,11.48198558,4.095878897,4.092587065
-150.9334683,10.57597513,4.018471135,4.06360593
-151.4959335,9.637440891,4.041755952,4.025033506
-152.0336422,8.721694003,4.069323386,4.07089757
-152.5779803,7.789460441,4.091905682,4.067265555
-153.0994362,6.855686778,4.099788434,4.012317116
-153.5783321,5.883962268,4.092108359,4.007873177
-154.0636816,4.93179922,4.073755496,4.027855327
-154.5243434,3.969211772,4.008516155,4.086865474
-154.9387127,2.971946998,4.017091241,4.007177519
-155.372851,1.998050391,4.093181234,4.068965251
-155.7757691,1.031574298,4.067372371,4.075338221
-156.1254471,0.052811405,4.072246203,4.095885058
-156.4556085,-0.920882325,4.038527287,4.027734309
-156.7550832,-1.896059006,4.080525035,4.00842202
-157.0393195,-2.864880067,4.011617275,4.062884594
-157.3101894,-3.826056542,4.021119519,4.037269404
-157.5386644,-4.776174664,4.026926984,4.022775136
-157.7536193,-5.733112054,4.073398923,4.002350211
-157.9309806,-6.673335416,4.047448914,4.072268377
-158.0738366,-7.588274396,4.076197818,4.065844305
-158.1787598,-8.495210141,4.080917015,4.017231848
-158.2404152,-9.400978041,4.063588595,4.089827495
-158.2689143,-10.28234696,4.068265034,4.066133952
-158.2552516,-11.11911231,4.097199648,4.006673279
-158.2281411,-11.95708669,4.013431338,4.062491339
-158.1687567,-12.79091975,4.096578099,4.019766657
-158.0673963,-13.58755977,4.030663226,4.051647742
-157.9145547,-14.35613759,4.07722912,4.055594509
-157.7499521,-15.11002298,4.078567106,4.027556343
-157.5601138,-15.83638762,4.087022947,4.063961019
-157.3254807,-16.54669235,4.056468522,4.087906283
-157.0530896,-17.24304128,4.080866766,4.024961743
-156.7322294,-17.93985977,4.07709724,4.078579146
-156.390784,-18.62064193,4.05547883,4.040677718
-156.0021498,-19.26872321,4.065089027,4.028917146
-155.5780733,-19.8880767,4.063195761,4.07801924
-155.111983,-20.49981362,4.039807041,4.06397275
-154.5851721,-21.07111003,4.074123478,4.069818185
-154.0679108,-21.63246373,4.007740608,4.086834269
-153.4970297,-22.14755063,4.038000207,4.062763274
-152.9202143,-22.68812093,4.062879057,4.053136363
-152.3209188,-23.17629404,4.081063822,4.059386962
-151.6657005,-23.6411406,4.01146156,4.001782379
-151.0136165,-24.09470582,4.018577558,4.082837776
-150.3250646,-24.54023666,4.09276576,4.044804987
-149.6243827,-24.93446754,4.027305014,4.002945752
-148.9091185,-25.30178937,4.028025368,4.087446631
-148.1668805,-25.63777146,4.010877491,4.063755515
-147.4175757,-25.91239678,4.066119134,4.034570213
-146.669719,-26.16327531,4.031658341,4.010254747
-145.8891075,-26.37765675,4.018173487,4.034903892
-145.1233996,-26.54399089,4.045612193,4.068128119
-144.3914324,-26.69746819,4.004802883,4.056368841
-143.6508185,-26.80592417,4.085176908,4.085954869
-142.9052597,-26.89464091,4.060843909,4.025367955
-142.186039,-26.92353568,4.074853671,4.089166591
-141.4452253,-26.94988103,4.03980883,4.037867855
-140.7111332,-26.9355374,4.067349661,4.040512317
-140.0238974,-26.8481948,4.067240589,4.060434602
-139.296081,-26.7639124,4.073550833,4.064507234
-138.5888233,-26.66446844,4.058371962,4.084770153
-137.9152341,-26.52857602,4.020093276,4.035242616
-137.2364031,-26.37024295,4.054404062,4.032845975
-136.5669685,-26.17829623,4.01466467,4.007124594
-135.8867018,-25.96950091,4.018407795,4.065454008
-135.2059661,-25.73497,4.014518588,4.055877299
-134.5548464,-25.47454645,4.049880924,4.064331719
-133.916628,-25.16720815,4.042597348,4.029146577
-133.2826641,-24.84802382,4.003756741,4.023944283
-132.6820811,-24.51513833,4.076939792,4.02756685
-132.0714704,-24.17081112,4.044071984,4.056018021
-131.46728,-23.80268709,4.018413796,4.077544068
-130.8839274,-23.40968032,4.094057856,4.093469315
-130.3285451,-23.03338539,4.048070126,4.093188094
-129.7763333,-22.62170088,4.084621289,4.061945802
-129.2284727,-22.18739705,4.056334421,4.043035725
-128.6942563,-21.76332909,4.018480798,4.074488862
-128.1670181,-21.31839966,4.089085363,4.067600635
-127.6573394,-20.87390388,4.002827354,4.05329378
-127.1506553,-20.40394466,4.00022335,4.05624847
-126.6678735,-19.91582137,4.051031294,4.049107533
-126.1750079,-19.41516221,4.018305424,4.017547265
-125.7263843,-18.90367721,4.093230761,4.006301795
-125.2812516,-18.38936581,4.074820993,4.071528986
-124.8721099,-17.86933141,4.076327812,4.035997253
-124.4908202,-17.35292497,4.061645762,4.062430838
-124.0886831,-16.84085069,4.071524484,4.098965341
-123.7159346,-16.32739217,4.016109413,4.009943835
-123.3259458,-15.80133106,4.021845047,4.026568784
-122.9760626,-15.26508452,4.014433866,4.051176694
-122.6133934,-14.70377698,4.029201709,4.092154916
-122.2666406,-14.13317685,4.044313323,4.021251662
-121.9580284,-13.5671039,4.071395835,4.022307342
-121.6572708,-12.96946323,4.086058246,4.047675556
-121.3550803,-12.37013211,4.021624931,4.063410557
-121.0622961,-11.77505328,4.005087917,4.043091214
-120.7769223,-11.17432357,4.036156597,4.073614419
-120.4982307,-10.5819822,4.041574354,4.06839569
-120.2350978,-9.991828445,4.04007014,4.01151044
-119.9645337,-9.426281549,4.05410626,4.012055879
-119.7071083,-8.865625585,4.05304665,4.090676147
-119.4467378,-8.307894123,4.040772172,4.064692043
-119.1851994,-7.746286736,4.004407557,4.086802862
-118.908793,-7.212063699,4.046469272,4.01916297
-118.6526826,-6.675696169,4.025159685,4.052221509
-118.4044314,-6.138404395,4.020584187,4.065128088
-118.1529338,-5.613358237,4.074570249,4.002499532
-117.9028304,-5.099064371,4.019163351,4.075226287
-117.6392939,-4.600579559,4.030675777,4.042421889
-117.371171,-4.087277949,4.004631326,4.075315339
-117.1118929,-3.582146012,4.097660131,4.097345509
-116.8541544,-3.077961891,4.085669869,4.095508517
-116.6108082,-2.567089841,4.069168611,4.059540407
-116.3594045,-2.067903263,4.093372098,4.047249463
-116.0994554,-1.581372848,4.089565616,4.00359128
-115.8510769,-1.081706457,4.074824932,4.093498115
-115.5923091,-0.581405582,4.014989108,4.015676229
-115.301799,-0.105676302,4.055911485,4.013186732
-115.009345,0.349514454,4.081931319,4.065128223
-114.6993848,0.823733725,4.038667524,4.022737714
-114.3835105,1.288964461,4.031286401,4.056282539
-114.0724324,1.754193943,4.054540452,4.012858865
-113.7500626,2.19114762,4.047561558,4.033377206
-113.4224146,2.652521563,4.038888282,4.006048731
-113.0837485,3.108083888,4.055071222,4.033424526
-112.7371973,3.559420447,4.045132216,4.054492852
-112.392848,4.000684529,4.011534216,4.089177798
-112.0358418,4.423065423,4.010963047,4.089465401
-111.6646931,4.804952891,4.068299077,4.0180697
-111.280651,5.165155679,4.086603864,4.051590703
-110.8840585,5.522686845,4.051976498,4.073203587
-110.4962067,5.849334405,4.059674135,4.003640003
-110.0959755,6.177106277,4.010246757,4.013281467
-109.680639,6.48943133,4.044266881,4.062371867
-109.247693,6.773615509,4.041717514,4.034325258
-108.7935649,7.033097588,4.087382409,4.054538129
-108.351589,7.295808727,4.081045904,4.089204938
-107.9087327,7.523379971,4.032809135,4.0207654
-107.4614492,7.72217673,4.080383662,4.032974684
-106.991885,7.90983382,4.041477689,4.008212758
-106.5242252,8.085357578,4.040025014,4.013064674
-106.0454379,8.229015667,4.097691309,4.077537518
-105.5508348,8.348648553,4.09608534,4.059827406
-105.0384934,8.44289844,4.073142563,4.029713955
-104.5413151,8.520245732,4.023452632,4.083016592
-104.0426138,8.575248228,4.010866827,4.040501916
-103.5468795,8.612353641,4.079400373,4.007411566
-103.0484511,8.634815477,4.014326051,4.027079066
-102.5458208,8.635601652,4.023639794,4.049708398
-102.0597976,8.62590859,4.006138952,4.054291861
-101.5705581,8.603443077,4.024424108,4.00393116
-101.0822331,8.571430176,4.026217257,4.0818906
-100.5720758,8.502728577,4.043416556,4.02989887
-100.0596967,8.438513689,4.066561376,4.091258791
-99.54445573,8.358121364,4.08223713,4.056295907
-99.01612096,8.250080981,4.093693392,4.092871849
-98.48365393,8.139576102,4.004068899,4.031592886
-97.94384216,8.017949884,4.094250658,4.011493834
-97.40925302,7.871552835,4.089039635,4.063186
-96.8834814,7.699521532,4.058749055,4.006497909
-96.35096126,7.507204427,4.02811994,4.066946404
-95.8144987,7.292947159,4.022907619,4.087699355
-95.27483,7.057518013,4.082248806,4.003919984
-94.74173599,6.811272962,4.073054764,4.049044598
-94.21913167,6.562845307,4.06453242,4.030043436
-93.69106799,6.282915355,4.017298448,4.049817718
-93.16619583,5.978735961,4.060159124,4.043434289
-92.6489549,5.674483949,4.084837473,4.026822437
-92.14146681,5.371623206,4.0358695,4.077502668
-91.63307649,5.027314571,4.076957877,4.021037384
-91.15446777,4.682840264,4.034957776,4.033595818
-90.67223923,4.323103819,4.017119676,4.010692245
-90.19275932,3.961707997,4.040392486,4.047891707
-89.72646609,3.555323757,4.066350734,4.02628605
-89.27229285,3.138403788,4.0495668,4.025705869
-88.82137872,2.714173973,4.072546448,4.064414829
-88.38566611,2.281200298,4.007188015,4.078045079
-87.94993564,1.854274439,4.023313586,4.03047539
-87.52770804,1.444512373,4.056169251,4.093459445
-87.1298069,1.016372049,4.013574455,4.092051327
-86.73904927,0.561928692,4.095588658,4.045038484
-86.34627269,0.118397829,4.042790552,4.009620943
-85.95730855,-0.330718346,4.085496971,4.048700624
-85.57070277,-0.783509626,4.015453662,4.018681547
-85.18676108,-1.230280659,4.02228282,4.035129335
-84.80130583,-1.681759829,4.041418012,4.005806781
-84.42928462,-2.145382164,4.026608751,4.09068446
-84.04588307,-2.598856857,4.033515787,4.085395464
-83.6712599,-3.053890705,4.000255184,4.047844967
-83.29982233,-3.516806687,4.012409582,4.053884714
-82.92065186,-3.980242669,4.0877685,4.026039834
-82.53261476,-4.438204863,4.053197176,4.037024787
-82.13262621,-4.906025295,4.078452245,4.007827239
-81.73269978,-5.376274442,4.061817253,4.013228686
-81.33183145,-5.837340206,4.08578504,4.03353798
-80.93098257,-6.303787869,4.062797477,4.089361548
-80.58069427,-6.704588276,4.073816889,4.09312427
-80.39093776,-6.924496968,4.044897939,4.073460669
-80.20225351,-7.141933804,4.083950119,4.065962504
-80.00698205,-7.356366086,4.031990184,4.079257879
-79.81405691,-7.571280662,4.071557741,4.003042163
-79.62606633,-7.79123562,4.028443163,4.031747204
-79.44037682,-8.011425721,4.044702465,4.008754065
-79.26363066,-8.235300877,4.026126119,4.098868503
-79.08436101,-8.458505172,4.099147667,4.007545868
-78.90579315,-8.678400925,4.032003534,4.028130571
-78.7386536,-8.904660745,4.033237669,4.047483494
-78.57754578,-9.135648306,4.049903769,4.060879565
-78.40953653,-9.35753408,4.007632328,4.071918172
-78.23728497,-9.578631278,4.052253289,4.03048829
-78.05737098,-9.794294887,4.024743624,4.008505194
-77.87472905,-10.00716809,4.003156708,4.014886382
-77.68988696,-10.22208822,4.006814501,4.024338931
-77.50531006,-10.43809934,4.038336009,4.00765123
-77.32135278,-10.65821801,4.052330715,4.07605788
-77.13370239,-10.88040587,4.04894283,4.080624308
-76.94205828,-11.10080981,4.095460968,4.035961606
-76.75657174,-11.33002892,4.058401569,4.078343207
-76.57533484,-11.56565617,4.02896689,4.034217818
-76.39076381,-11.80224972,4.022004896,4.046689875
-76.19776417,-12.03854781,4.043128268,4.093489551
