# delta; F_drive; F_brake; gamma_y
-0.05178; 132.30691; -0.00001; 116.30334
0.00738; 131.03108; -0.00001; 101.31746
0.02799; 110.43792; -0.00001; 68.12973
0.03364; 95.66380; -0.00001; 39.96912
0.02793; 86.45869; -0.00001; 17.87392
0.01951; 82.81710; -0.00001; 4.11343
0.01136; 81.74595; -0.00001; -3.04388
0.00529; 81.54767; -0.00001; -5.59075
0.00138; 81.51421; -0.00001; -5.57356
-0.00070; 81.47776; -0.00001; -4.38316
-0.00151; 81.43604; -0.00001; -2.91426
-0.00160; 81.40598; -0.00001; -1.63533
-0.00136; 81.38980; -0.00001; -0.69695
-0.00092; 81.38248; -0.00001; -0.08023
-0.00051; 81.38043; -0.00001; 0.22667
-0.00021; 81.38011; -0.00001; 0.31574
-0.00002; 81.38003; -0.00001; 0.28813
0.00007; 81.37991; -0.00001; 0.21214
0.00010; 81.37978; -0.00001; 0.12993
0.00009; 81.37970; -0.00001; 0.06298
0.00006; 81.37966; -0.00001; 0.01801
0.00004; 81.37965; -0.00001; -0.00682
0.00002; 81.37965; -0.00001; -0.01681
0.00001; 81.37965; -0.00001; -0.01773
-0.00000; 81.37965; -0.00001; -0.01422
-0.00001; 81.37965; -0.00001; -0.00941
-0.00001; 81.37964; -0.00001; -0.00498
-0.00001; 81.37964; -0.00001; -0.00162
-0.00000; 81.37964; -0.00001; 0.00061
-0.00000; 81.37964; -0.00001; 0.00192
-0.00000; 81.37964; -0.00001; 0.00248
0.00000; 81.37964; -0.00001; 0.00235
0.00001; 81.37965; -0.00001; 0.00134
0.00002; 81.37965; -0.00001; -0.00092
0.00002; 81.37965; -0.00001; -0.00486
0.00003; 81.37965; -0.00001; -0.01069
0.00003; 81.37965; -0.00001; -0.01793
0.00001; 81.37965; -0.00001; -0.02484
-0.00004; 81.37966; -0.00001; -0.02774
-0.00012; 81.37970; -0.00001; -0.02057
-0.00024; 81.37980; -0.00001; 0.00484
-0.00038; 81.37996; -0.00001; 0.05739
-0.00050; 81.38013; -0.00001; 0.14325
-0.00051; 81.38014; -0.00001; 0.25998
-0.00031; 81.38012; -0.00001; 0.38887
0.00032; 81.38163; -0.00001; 0.49192
0.00184; 81.39411; -0.00001; 0.54803
0.00718; 81.54839; -0.00001; 0.91811
0.04060; 86.80729; -0.00001; 5.80236
0.05536; 88.37590; -0.00001; -6.42059
0.05002; 86.27816; -0.00001; -23.43831
0.04817; 86.30338; -0.00001; -31.90562
0.01832; 88.03518; -0.00001; -44.56252
0.07703; 91.88501; -0.00001; -21.24489
0.09738; 98.07652; -0.00001; -35.80397
0.01738; 104.68590; -0.00001; -78.50043
0.01642; 92.66755; -0.00001; -59.78846
0.02974; 86.04714; -0.00001; -45.10401
0.13126; 116.52837; -0.00001; -13.43321
0.17405; 137.05434; -0.00001; -39.12116
0.20411; 153.92758; -0.00001; -69.97964
0.25114; 187.67877; -0.00000; -91.42706
0.08776; 211.97605; -0.00000; -189.96245
0.05660; 187.73447; -0.00000; -174.80518
0.22025; 154.85710; -0.00001; -100.55118
0.21706; 169.08065; -0.00000; -141.22867
0.05494; 253.88442; -0.00000; -212.23585
-0.10563; 348.88917; -0.00000; -213.31724
-0.12767; 308.03058; -0.00000; -187.51674
0.03030; 124.58442; -0.00001; -123.35005
0.18681; 132.57947; -0.00001; -59.59844
0.26180; 190.47328; -0.00000; -76.27978
0.25346; 191.54239; -0.00000; -133.65578
0.09860; 252.68469; -0.00000; -216.51536
-0.05782; 343.26331; -0.00000; -225.31760
-0.19319; 407.66787; -0.00000; -206.94666
-0.10933; 268.18306; -0.00000; -173.82372
0.05532; 102.85564; -0.00001; -101.69321
0.15914; 117.22709; -0.00001; -70.02559
-0.00970; 182.85202; -0.00000; -153.98276
-0.18079; 293.86238; -0.00000; -152.61322
-0.09199; 153.40209; -0.00001; -90.25863
-0.05261; 100.47647; -0.00001; -39.53950
-0.03779; 87.81148; -0.00001; -14.32816
-0.02415; 83.16414; -0.00001; 0.60112
-0.01306; 81.95974; -0.00001; 7.47255
-0.00510; 81.75330; -0.00001; 9.15167
-0.00033; 81.67569; -0.00001; 7.96750
0.00192; 81.57006; -0.00001; 5.69300
0.00252; 81.47459; -0.00001; 3.41804
0.00230; 81.41785; -0.00001; 1.65305
0.00174; 81.39204; -0.00001; 0.47776
0.00104; 81.38270; -0.00001; -0.20516
0.00049; 81.38090; -0.00001; -0.46360
0.00013; 81.38065; -0.00001; -0.47859
-0.00007; 81.38042; -0.00001; -0.38035
-0.00016; 81.38012; -0.00001; -0.24916
-0.00018; 81.37988; -0.00001; -0.12930
-0.00017; 81.37975; -0.00001; -0.03835
-0.00014; 81.37969; -0.00001; 0.02280
-0.00009; 81.37967; -0.00001; 0.06013
-0.00002; 81.37967; -0.00001; 0.07914
0.00009; 81.37973; -0.00001; 0.08031
0.00027; 81.37991; -0.00001; 0.05730
0.00051; 81.38035; -0.00001; -0.00249
0.00079; 81.38106; -0.00001; -0.11477
0.00103; 81.38171; -0.00001; -0.29121
0.00105; 81.38175; -0.00001; -0.52734
0.00062; 81.38166; -0.00001; -0.79927
-0.00097; 81.39190; -0.00001; -1.12017
-0.00734; 81.59585; -0.00001; -2.01633
-0.05065; 90.32227; -0.00001; -10.27705
-0.09807; 106.71284; -0.00001; -3.98003
-0.06364; 90.36869; -0.00001; 37.17450
-0.04725; 89.41303; -0.00001; 48.06011
-0.21444; 183.72830; -0.00000; -7.30999
-0.24188; 188.61936; -0.00000; 45.33469
-0.12497; 151.28980; -0.00001; 139.53513
-0.25459; 187.39932; -0.00000; 85.87299
-0.26178; 198.41046; -0.00000; 129.97317
-0.15506; 222.74245; -0.00000; 201.37922
-0.20165; 188.94668; -0.00000; 174.33868
-0.26179; 202.48278; -0.00000; 158.90426
-0.20707; 228.89822; -0.00000; 205.02506
-0.05605; 332.32315; -0.00000; 245.92208
0.05209; 381.77673; -0.00000; 241.19082
-0.10580; 192.46961; -0.00000; 191.73608
-0.06352; 207.90795; -0.00000; 194.30008
0.10067; 325.28816; -0.00000; 205.20633
0.22019; 385.18392; -0.00000; 185.38861
0.26042; 371.91102; -0.00000; 158.09253
0.08951; 159.12242; -0.00001; 99.93185
-0.00657; 83.54097; -0.00001; 37.93834
-0.01009; 84.12253; -0.00001; 36.77879
-0.03345; 82.91109; -0.00001; 28.02742
-0.12290; 114.04542; -0.00001; 9.35253
-0.26178; 221.67346; -0.00000; 0.63619
-0.19389; 151.59214; -0.00001; 95.91230
-0.02368; 204.31798; -0.00000; 173.41322
0.04323; 200.82195; -0.00000; 155.06883
-0.09529; 96.92077; -0.00001; 78.31576
-0.11651; 105.95959; -0.00001; 85.03569
0.05121; 194.36233; -0.00000; 146.93000
0.03717; 135.38553; -0.00001; 102.85548
-0.09414; 93.28959; -0.00001; 35.33983
-0.14996; 118.99701; -0.00001; 44.53952
-0.05585; 119.63423; -0.00001; 109.30437
-0.18356; 137.13070; -0.00001; 54.24903
-0.24261; 179.35284; -0.00000; 74.17494
-0.13940; 167.30970; -0.00000; 159.06003
-0.10085; 168.52171; -0.00000; 165.68529
-0.22645; 161.36952; -0.00001; 107.51946
-0.26179; 192.62989; -0.00000; 128.83124
-0.19529; 206.95220; -0.00000; 188.97820
-0.04516; 301.39383; -0.00000; 232.50530
-0.18358; 172.76777; -0.00000; 170.41903
-0.15346; 191.50406; -0.00000; 188.70835
0.00429; 301.78089; -0.00000; 223.29026
-0.13742; 155.32561; -0.00001; 164.23908
-0.12833; 162.26381; -0.00001; 168.76084
0.03479; 277.52160; -0.00000; 204.41800
0.11564; 300.25246; -0.00000; 187.88533
-0.04948; 117.60465; -0.00001; 120.29579
-0.06518; 108.27384; -0.00001; 107.47833
-0.07289; 106.12252; -0.00001; 101.75803
0.09766; 218.27012; -0.00000; 144.16340
0.08605; 156.86590; -0.00001; 97.67821
0.05187; 103.98555; -0.00001; 47.68920
0.03861; 89.45465; -0.00001; 20.51448
0.02622; 83.77914; -0.00001; 3.70878
0.01517; 82.04893; -0.00001; -5.04927
0.00692; 81.71144; -0.00001; -8.05407
0.00160; 81.64422; -0.00001; -7.74974
-0.00118; 81.56717; -0.00001; -5.94719
-0.00219; 81.48328; -0.00001; -3.84321
-0.00221; 81.42529; -0.00001; -2.06545
-0.00182; 81.39637; -0.00001; -0.81237
-0.00119; 81.38408; -0.00001; -0.01674
-0.00063; 81.38097; -0.00001; 0.35563
-0.00024; 81.38051; -0.00001; 0.44285
-0.00000; 81.38035; -0.00001; 0.38597
0.00011; 81.38011; -0.00001; 0.27436
0.00014; 81.37987; -0.00001; 0.16142
0.00012; 81.37973; -0.00001; 0.07307
0.00008; 81.37967; -0.00001; 0.01597
0.00005; 81.37965; -0.00001; -0.01394
0.00002; 81.37965; -0.00001; -0.02463
0.00000; 81.37965; -0.00001; -0.02409
-0.00000; 81.37965; -0.00001; -0.01847
-0.00001; 81.37965; -0.00001; -0.01177
-0.00001; 81.37964; -0.00001; -0.00605
-0.00001; 81.37964; -0.00001; -0.00206
-0.00000; 81.37964; -0.00001; 0.00024
-0.00000; 81.37964; -0.00001; 0.00125
-0.00000; 81.37964; -0.00001; 0.00144
0.00000; 81.37964; -0.00001; 0.00121
0.00000; 81.37964; -0.00001; 0.00084
0.00000; 81.37964; -0.00001; 0.00048
0.00000; 81.37964; -0.00001; 0.00020
0.00000; 81.37964; -0.00001; 0.00003
0.00000; 81.37964; -0.00001; -0.00005
0.00000; 81.37964; -0.00001; -0.00008
0.00000; 81.37964; -0.00001; -0.00008
0.00000; 81.37964; -0.00001; -0.00006
0.00000; 81.37964; -0.00001; -0.00006
0.00000; 81.37964; -0.00001; -0.00007
0.00000; 81.37964; -0.00001; -0.00009
0.00000; 81.37964; -0.00001; -0.00014
0.00000; 81.37964; -0.00001; -0.00020
-0.00000; 81.37964; -0.00001; -0.00023
-0.00000; 81.37964; -0.00001; -0.00021
-0.00000; 81.37964; -0.00001; -0.00007
-0.00000; 81.37964; -0.00001; 0.00025
-0.00000; 81.37964; -0.00001; 0.00081
-0.00000; 81.37965; -0.00001; 0.00162
-0.00000; 81.37965; -0.00001; 0.00257
0.00000; 81.37965; -0.00001; 0.00338
0.00001; 81.37965; -0.00001; 0.00346
0.00002; 81.37965; -0.00001; 0.00193
0.00004; 81.37965; -0.00001; -0.00237
0.00005; 81.37965; -0.00001; -0.01060
0.00007; 81.37965; -0.00001; -0.02333
0.00006; 81.37965; -0.00001; -0.03958
0.00002; 81.37965; -0.00001; -0.05554
-0.00008; 81.37970; -0.00001; -0.06325
-0.00026; 81.37989; -0.00001; -0.04979
-0.00053; 81.38039; -0.00001; 0.00249
-0.00084; 81.38125; -0.00001; 0.11351
-0.00112; 81.38214; -0.00001; 0.29822
-0.00120; 81.38236; -0.00001; 0.55276
-0.00087; 81.38206; -0.00001; 0.84423
0.00025; 81.38647; -0.00001; 1.11481
0.00305; 81.42791; -0.00001; 1.34256
0.01216; 81.88991; -0.00001; 2.15538
0.09999; 114.93087; -0.00001; 21.61443
0.18477; 164.34398; -0.00001; 10.63706
0.11885; 111.28708; -0.00001; -65.39038
0.17526; 135.96637; -0.00001; -61.01876
0.17276; 137.33935; -0.00001; -95.56713
0.12038; 140.59785; -0.00001; -133.74480
0.14065; 131.98116; -0.00001; -122.93224
0.09460; 144.65917; -0.00001; -144.94613
0.17251; 132.38759; -0.00001; -108.88783
0.17686; 144.95634; -0.00001; -129.23137
0.14243; 157.70190; -0.00001; -156.54519
0.17860; 152.34223; -0.00001; -143.19098
0.09522; 189.63600; -0.00000; -183.03226
0.09152; 167.54472; -0.00000; -168.84744
0.06127; 167.99262; -0.00000; -165.54092
0.07738; 138.44183; -0.00001; -143.81028
0.00061; 175.76673; -0.00000; -155.62184
-0.16732; 292.65731; -0.00000; -159.71421
-0.23210; 303.36158; -0.00000; -128.94698
-0.05831; 104.09775; -0.00001; -43.32472
-0.04277; 89.85602; -0.00001; -17.51210
-0.02849; 83.96071; -0.00001; -0.93057
-0.01580; 82.16985; -0.00001; 7.60937
-0.00659; 81.84358; -0.00001; 10.00329
-0.00090; 81.74752; -0.00001; 8.95658
0.00187; 81.62138; -0.00001; 6.50287
0.00268; 81.50152; -0.00001; 3.95326
0.00248; 81.42817; -0.00001; 1.94798
0.00190; 81.39554; -0.00001; 0.62489
0.00120; 81.38375; -0.00001; -0.14349
0.00070; 81.38125; -0.00001; -0.45192
0.00048; 81.38067; -0.00001; -0.50629
0.00050; 81.38038; -0.00001; -0.47077
0.00066; 81.38047; -0.00001; -0.45110
0.00081; 81.38084; -0.00001; -0.50427
0.00075; 81.38101; -0.00001; -0.63941
0.00020; 81.38202; -0.00001; -0.82343
-0.00138; 81.39460; -0.00001; -1.02695
-0.00655; 81.54134; -0.00001; -1.56183
-0.03472; 85.47712; -0.00001; -6.24261
-0.10633; 114.37598; -0.00001; -13.40077
-0.09699; 100.06567; -0.00001; 26.54089
-0.08685; 96.84436; -0.00001; 49.82705
-0.17352; 138.33362; -0.00001; 33.04812
-0.14353; 122.40362; -0.00001; 85.62774
-0.12411; 123.19921; -0.00001; 107.48947
-0.13763; 124.09451; -0.00001; 107.64765
-0.17331; 135.30451; -0.00001; 105.78372
-0.18933; 148.55042; -0.00001; 121.14195
-0.11992; 167.62395; -0.00000; 165.06988
-0.16888; 146.80262; -0.00001; 138.95752
-0.19832; 158.02964; -0.00001; 139.63224
-0.15854; 175.26435; -0.00000; 171.77314
-0.06221; 224.83779; -0.00000; 200.54149
-0.08220; 174.49390; -0.00000; 174.20591
-0.00874; 207.64049; -0.00000; 180.70197
-0.16647; 123.87765; -0.00001; 108.32437
-0.26180; 185.38571; -0.00000; 98.35391
-0.26180; 199.13371; -0.00000; 147.27727
-0.22442; 216.18247; -0.00000; 190.13386
-0.06886; 316.38265; -0.00000; 241.40626
0.08750; 409.12718; -0.00000; 240.88919
0.17074; 426.42030; -0.00000; 222.30425
0.22067; 417.58584; -0.00000; 200.44278
0.07995; 230.30928; -0.00000; 163.87141
0.25206; 354.51414; -0.00000; 151.63926
0.12151; 177.46683; -0.00000; 95.65390
0.05742; 100.51003; -0.00001; 34.84880
0.03959; 87.44259; -0.00001; 9.54822
0.02374; 82.99724; -0.00001; -4.69835
0.01144; 82.03271; -0.00001; -10.30195
0.00324; 81.87957; -0.00001; -10.63664
-0.00119; 81.74768; -0.00001; -8.41427
-0.00283; 81.58572; -0.00001; -5.51807
-0.00279; 81.46464; -0.00001; -2.98966
-0.00197; 81.40393; -0.00001; -1.23456
-0.00074; 81.38213; -0.00001; -0.21746
0.00050; 81.38103; -0.00001; 0.14077
0.00131; 81.38410; -0.00001; -0.02668
0.00111; 81.38195; -0.00001; -0.55221
-0.00225; 81.41735; -0.00001; -1.50710
-0.02477; 83.67293; -0.00001; -5.54718
-0.04006; 85.48566; -0.00001; 0.91418
-0.07115; 93.20065; -0.00001; 5.54004
-0.08421; 95.19792; -0.00001; 23.14638
-0.04474; 90.88109; -0.00001; 52.40292
-0.04677; 88.52710; -0.00001; 48.35900
-0.12962; 113.11363; -0.00001; 25.73967
-0.26180; 215.20494; -0.00000; 14.25713
-0.26180; 199.30523; -0.00000; 83.09342
-0.11941; 195.41344; -0.00000; 179.05218
0.04801; 285.85554; -0.00000; 201.57251
0.19727; 358.65830; -0.00000; 181.61895
0.02725; 140.92832; -0.00001; 115.82612
-0.02835; 92.90502; -0.00001; 73.24712
0.04864; 130.11955; -0.00001; 88.85187
0.03743; 100.96292; -0.00001; 52.03591
0.00620; 83.20086; -0.00001; 22.37184
-0.01823; 81.59650; -0.00001; 12.76520
-0.00694; 82.50412; -0.00001; 20.50214
0.00657; 83.65856; -0.00001; 20.28578
0.00936; 82.69042; -0.00001; 12.88604
0.00844; 81.91259; -0.00001; 6.40077
0.00640; 81.55600; -0.00001; 2.06162
0.00392; 81.42415; -0.00001; -0.48902
0.00197; 81.39597; -0.00001; -1.52273
0.00067; 81.39163; -0.00001; -1.66856
-0.00008; 81.38897; -0.00001; -1.38753
-0.00043; 81.38555; -0.00001; -0.96618
-0.00051; 81.38259; -0.00001; -0.56113
-0.00043; 81.38075; -0.00001; -0.24413
-0.00030; 81.37996; -0.00001; -0.04044
-0.00017; 81.37973; -0.00001; 0.06282
-0.00007; 81.37969; -0.00001; 0.09672
-0.00001; 81.37968; -0.00001; 0.09123
0.00002; 81.37967; -0.00001; 0.06867
0.00003; 81.37966; -0.00001; 0.04316
0.00003; 81.37965; -0.00001; 0.02189
0.00002; 81.37965; -0.00001; 0.00726
0.00001; 81.37965; -0.00001; -0.00106
0.00001; 81.37964; -0.00001; -0.00461
0.00000; 81.37964; -0.00001; -0.00517
-0.00000; 81.37964; -0.00001; -0.00422
-0.00000; 81.37964; -0.00001; -0.00280
-0.00000; 81.37964; -0.00001; -0.00146
-0.00000; 81.37964; -0.00001; -0.00048
-0.00000; 81.37964; -0.00001; 0.00013
-0.00000; 81.37964; -0.00001; 0.00042
-0.00000; 81.37964; -0.00001; 0.00049
-0.00000; 81.37964; -0.00001; 0.00045
-0.00000; 81.37964; -0.00001; 0.00037
-0.00000; 81.37964; -0.00001; 0.00029
-0.00000; 81.37964; -0.00001; 0.00021
-0.00000; 81.37964; -0.00001; 0.00016
-0.00000; 81.37964; -0.00001; 0.00013
-0.00000; 81.37964; -0.00001; 0.00012
-0.00000; 81.37964; -0.00001; 0.00011
-0.00000; 81.37964; -0.00001; 0.00011
-0.00000; 81.37964; -0.00001; 0.00010
-0.00000; 81.37964; -0.00001; 0.00010
-0.00000; 81.37964; -0.00001; 0.00010
-0.00000; 81.37964; -0.00001; 0.00009
-0.00000; 81.37964; -0.00001; 0.00009
-0.00000; 81.37964; -0.00001; 0.00009
-0.00000; 81.37964; -0.00001; 0.00008
-0.00000; 81.37964; -0.00001; 0.00008
-0.00000; 81.37964; -0.00001; 0.00008
-0.00000; 81.37964; -0.00001; 0.00008
-0.00000; 81.37964; -0.00001; 0.00008
-0.00000; 81.37964; -0.00001; 0.00007
-0.00000; 81.37964; -0.00001; 0.00007
-0.00000; 81.37964; -0.00001; 0.00007
-0.00000; 81.37964; -0.00001; 0.00007
-0.00000; 81.37964; -0.00001; 0.00007
-0.00000; 81.37964; -0.00001; 0.00007
-0.00000; 81.37964; -0.00001; 0.00006
-0.00000; 81.37964; -0.00001; 0.00006
-0.00000; 81.37964; -0.00001; 0.00006
-0.00000; 81.37964; -0.00001; 0.00006
-0.00000; 81.37964; -0.00001; 0.00007
-0.00000; 81.37964; -0.00001; 0.00007
-0.00000; 81.37964; -0.00001; 0.00007
-0.00000; 81.37964; -0.00001; 0.00007
-0.00000; 81.37964; -0.00001; 0.00006
-0.00000; 81.37964; -0.00001; 0.00007
-0.00000; 81.37964; -0.00001; 0.00007
-0.00000; 81.37964; -0.00001; 0.00006
-0.00000; 81.37964; -0.00001; 0.00006
-0.00000; 81.37964; -0.00001; 0.00006
-0.00000; 81.37964; -0.00001; 0.00006
-0.00000; 81.37964; -0.00001; 0.00006
-0.00000; 81.37964; -0.00001; 0.00006
-0.00000; 81.37964; -0.00001; 0.00005
-0.00000; 81.37964; -0.00001; 0.00005
-0.00000; 81.37964; -0.00001; 0.00005
-0.00000; 81.37964; -0.00001; 0.00005
-0.00000; 81.37964; -0.00001; 0.00005
-0.00000; 81.37964; -0.00001; 0.00005
-0.00000; 81.37964; -0.00001; 0.00005
-0.00000; 81.37964; -0.00001; 0.00005
-0.00000; 81.37964; -0.00001; 0.00005
-0.00000; 81.37964; -0.00001; 0.00005
-0.00000; 81.37964; -0.00001; 0.00004
-0.00000; 81.37964; -0.00001; 0.00004
-0.00000; 81.37964; -0.00001; 0.00004
-0.00000; 81.37964; -0.00001; 0.00004
-0.00000; 81.37964; -0.00001; 0.00004
-0.00000; 81.37964; -0.00001; 0.00004
-0.00000; 81.37964; -0.00001; 0.00005
-0.00000; 81.37964; -0.00001; 0.00005
-0.00000; 81.37964; -0.00001; 0.00005
-0.00000; 81.37964; -0.00001; 0.00004
-0.00000; 81.37964; -0.00001; 0.00004
-0.00000; 81.37964; -0.00001; 0.00004
-0.00000; 81.37964; -0.00001; 0.00004
-0.00000; 81.37964; -0.00001; 0.00004
-0.00000; 81.37964; -0.00001; 0.00004
-0.00000; 81.37964; -0.00001; 0.00004
-0.00000; 81.37964; -0.00001; 0.00004
-0.00000; 81.37964; -0.00001; 0.00004
-0.00000; 81.37964; -0.00001; 0.00004
-0.00000; 81.37964; -0.00001; 0.00004
-0.00000; 81.37964; -0.00001; 0.00004
-0.00000; 81.37964; -0.00001; 0.00004
-0.00000; 81.37964; -0.00001; 0.00004
-0.00000; 81.37964; -0.00001; 0.00004
-0.00000; 81.37964; -0.00001; 0.00004
-0.00000; 81.37964; -0.00001; 0.00004
-0.00000; 81.37964; -0.00001; 0.00004
-0.00000; 81.37964; -0.00001; 0.00005
-0.00000; 81.37964; -0.00001; 0.00005
-0.00000; 81.37964; -0.00001; 0.00005
-0.00000; 81.37964; -0.00001; 0.00005
-0.00000; 81.37964; -0.00001; 0.00006
-0.00000; 81.37964; -0.00001; 0.00006
-0.00000; 81.37964; -0.00001; 0.00006
-0.00000; 81.37964; -0.00001; 0.00006
-0.00000; 81.37964; -0.00001; 0.00006
-0.00000; 81.37964; -0.00001; 0.00006
-0.00000; 81.37964; -0.00001; 0.00006
-0.00000; 81.37964; -0.00001; 0.00006
-0.00000; 81.37964; -0.00001; 0.00006
-0.00000; 81.37964; -0.00001; 0.00006
-0.00000; 81.37964; -0.00001; 0.00006
-0.00000; 81.37964; -0.00001; 0.00006
-0.00000; 81.37964; -0.00001; 0.00006
-0.00000; 81.37964; -0.00001; 0.00006
-0.00000; 81.37964; -0.00001; 0.00007
-0.00000; 81.37964; -0.00001; 0.00007
-0.00000; 81.37964; -0.00001; 0.00007
-0.00000; 81.37964; -0.00001; 0.00008
-0.00000; 81.37964; -0.00001; 0.00008
-0.00000; 81.37964; -0.00001; 0.00008
-0.00000; 81.37964; -0.00001; 0.00009
-0.00000; 81.37964; -0.00001; 0.00009
0.00000; 81.37964; -0.00001; 0.00008
0.00000; 81.37964; -0.00001; 0.00006
0.00000; 81.37964; -0.00001; 0.00003
0.00000; 81.37964; -0.00001; -0.00001
-0.00000; 81.37964; -0.00001; -0.00005
-0.00000; 81.37964; -0.00001; -0.00007
-0.00000; 81.37964; -0.00001; -0.00004
-0.00000; 81.37964; -0.00001; 0.00009
-0.00000; 81.37964; -0.00001; 0.00038
-0.00000; 81.37964; -0.00001; 0.00087
-0.00000; 81.37964; -0.00001; 0.00158
-0.00000; 81.37964; -0.00001; 0.00240
0.00000; 81.37964; -0.00001; 0.00309
0.00001; 81.37964; -0.00001; 0.00316
0.00002; 81.37965; -0.00001; 0.00188
0.00003; 81.37965; -0.00001; -0.00173
0.00005; 81.37965; -0.00001; -0.00863
0.00006; 81.37965; -0.00001; -0.01934
0.00005; 81.37965; -0.00001; -0.03314
0.00002; 81.37965; -0.00001; -0.04697
-0.00006; 81.37968; -0.00001; -0.05411
-0.00022; 81.37982; -0.00001; -0.04323
-0.00044; 81.38017; -0.00001; 0.00165
-0.00070; 81.38077; -0.00001; 0.09880
-0.00094; 81.38140; -0.00001; 0.26158
-0.00100; 81.38153; -0.00001; 0.48454
-0.00066; 81.38137; -0.00001; 0.72782
0.00038; 81.38525; -0.00001; 0.90441
0.00243; 81.40791; -0.00001; 0.86064
0.00526; 81.46221; -0.00001; 0.29419
0.00481; 81.42613; -0.00001; -1.66374
-0.03197; 86.00547; -0.00001; -10.68536
-0.04201; 85.85395; -0.00001; 1.61355
0.00083; 84.60974; -0.00001; 24.80206
-0.03112; 83.20297; -0.00001; 7.07812
-0.06127; 89.51077; -0.00001; 7.11747
-0.05354; 86.87079; -0.00001; 26.75906
-0.09667; 99.26194; -0.00001; 21.26792
-0.14467; 121.44851; -0.00001; 28.60704
-0.26008; 211.34172; -0.00000; 18.81821
-0.26179; 199.51693; -0.00000; 81.03451
-0.26180; 202.15943; -0.00000; 127.00558
-0.26180; 212.98454; -0.00000; 157.93606
-0.26180; 226.15717; -0.00000; 179.33984
-0.26180; 239.49437; -0.00000; 194.97038
-0.26180; 252.36769; -0.00000; 206.94296
-0.26180; 264.61044; -0.00000; 216.46867
-0.26180; 276.21822; -0.00000; 224.30326
-0.23655; 298.19926; -0.00000; 239.94964
-0.09639; 408.65871; -0.00000; 273.71182
0.04512; 504.00171; -0.00000; 276.19434
0.08269; 492.38793; -0.00000; 266.31896
0.11740; 479.97111; -0.00000; 255.27913
0.01675; 340.25623; -0.00000; 236.86051
-0.13580; 182.80878; -0.00000; 190.11338
-0.21440; 169.69375; -0.00000; 163.67287
-0.10893; 239.34492; -0.00000; 216.53235
-0.26178; 190.78545; -0.00000; 153.71262
-0.23951; 217.63620; -0.00000; 193.30441
-0.08770; 326.10693; -0.00000; 248.42532
0.06478; 425.55319; -0.00000; 251.92194
0.11280; 416.08790; -0.00000; 236.85368
-0.04370; 220.11358; -0.00000; 198.88065
-0.05832; 182.89592; -0.00000; 179.35721
0.10009; 299.90087; -0.00000; 194.08639
0.25755; 400.11934; -0.00000; 175.85215
0.20744; 302.44518; -0.00000; 144.58438
0.03851; 108.44119; -0.00001; 69.03367
-0.10446; 103.08543; -0.00001; 10.58768
-0.11777; 104.05783; -0.00001; 46.64203
-0.00412; 125.80081; -0.00001; 102.90675
0.03228; 120.61258; -0.00001; 83.65934
0.03670; 101.98605; -0.00001; 53.07968
0.03137; 89.67389; -0.00001; 27.51559
0.02346; 84.11175; -0.00001; 10.34251
0.01529; 82.11820; -0.00001; 0.36147
0.00814; 81.59672; -0.00001; -4.33445
0.00313; 81.51510; -0.00001; -5.46429
0.00017; 81.48708; -0.00001; -4.75786
-0.00121; 81.44844; -0.00001; -3.37580
-0.00159; 81.41418; -0.00001; -2.00453
-0.00147; 81.39379; -0.00001; -0.93783
-0.00106; 81.38384; -0.00001; -0.20766
-0.00057; 81.38060; -0.00001; 0.19480
-0.00012; 81.38023; -0.00001; 0.33173
0.00027; 81.38064; -0.00001; 0.30131
0.00061; 81.38119; -0.00001; 0.16636
0.00087; 81.38157; -0.00001; -0.03779
0.00095; 81.38145; -0.00001; -0.28537
0.00073; 81.38095; -0.00001; -0.54388
-0.00004; 81.38253; -0.00001; -0.77350
-0.00207; 81.40307; -0.00001; -0.98076
-0.00925; 81.68037; -0.00001; -1.73914
-0.05908; 93.21638; -0.00001; -11.10441
-0.07846; 95.64236; -0.00001; 6.41884
-0.06032; 89.02841; -0.00001; 33.48037
-0.22384; 195.10119; -0.00000; -12.89306
-0.15883; 129.37391; -0.00001; 74.74168
-0.10126; 126.59604; -0.00001; 114.87445
-0.12967; 118.81380; -0.00001; 100.49629
-0.10048; 124.26621; -0.00001; 119.43624
-0.11481; 118.68051; -0.00001; 111.85082
-0.21184; 152.20991; -0.00001; 86.33323
-0.16408; 152.53442; -0.00001; 142.51834
-0.09626; 174.67077; -0.00000; 170.17143
0.05010; 260.42010; -0.00000; 189.71526
0.21800; 362.63978; -0.00000; 174.49864
0.26141; 349.18136; -0.00000; 143.03522
0.09071; 138.23404; -0.00001; 73.12352
0.05299; 95.96366; -0.00001; 27.41907
0.03595; 85.92180; -0.00001; 5.47927
0.02111; 82.67215; -0.00001; -6.39910
0.00984; 81.98999; -0.00001; -10.67352
0.00246; 81.85692; -0.00001; -10.37925
-0.00146; 81.71754; -0.00001; -7.95403
-0.00288; 81.56406; -0.00001; -5.08291
-0.00289; 81.45787; -0.00001; -2.66756
-0.00234; 81.40704; -0.00001; -1.00586
-0.00152; 81.38670; -0.00001; 0.01414
-0.00078; 81.38177; -0.00001; 0.48144
-0.00027; 81.38113; -0.00001; 0.57991
0.00003; 81.38085; -0.00001; 0.49608
0.00015; 81.38038; -0.00001; 0.34414
0.00013; 81.37992; -0.00001; 0.19388
0.00003; 81.37967; -0.00001; 0.08388
-0.00013; 81.37967; -0.00001; 0.03073
-0.00030; 81.37984; -0.00001; 0.03789
-0.00044; 81.38004; -0.00001; 0.10173
-0.00048; 81.38007; -0.00001; 0.21160
-0.00026; 81.38004; -0.00001; 0.35017
0.00069; 81.38369; -0.00001; 0.53550
0.00530; 81.48551; -0.00001; 1.16870
0.01220; 81.80447; -0.00001; 0.52195
0.01254; 81.69493; -0.00001; -3.66955
0.01511; 81.80879; -0.00001; -5.91688
0.09693; 109.33477; -0.00001; 10.92386
0.10921; 105.83103; -0.00001; -22.32158
0.02747; 99.88003; -0.00001; -69.36711
0.01444; 92.66197; -0.00001; -56.80615
0.01796; 86.52329; -0.00001; -43.46921
0.00227; 87.65817; -0.00001; -41.13108
0.00112; 84.73059; -0.00001; -30.86618
0.03913; 83.63503; -0.00001; -15.26565
0.04616; 84.95742; -0.00001; -24.57512
0.00277; 89.15460; -0.00001; -42.75602
-0.01191; 87.71334; -0.00001; -33.11007
-0.01519; 84.69006; -0.00001; -20.38747
-0.01361; 82.72917; -0.00001; -10.10744
-0.01030; 81.82880; -0.00001; -3.21204
-0.00627; 81.49309; -0.00001; 0.86634
-0.00279; 81.42157; -0.00001; 2.56928
0.00028; 81.42671; -0.00001; 2.84105
0.00409; 81.49163; -0.00001; 2.41320
0.01714; 82.41528; -0.00001; 2.90829
0.04691; 87.73776; -0.00001; 2.37448
0.04396; 85.19678; -0.00001; -15.10370
0.00934; 85.37496; -0.00001; -31.52579
-0.00474; 84.93944; -0.00001; -26.29961
-0.00955; 83.45154; -0.00001; -17.44860
-0.00967; 82.30289; -0.00001; -9.58039
-0.00774; 81.70578; -0.00001; -3.94155
-0.00539; 81.47693; -0.00001; -0.52598
-0.00298; 81.40637; -0.00001; 1.28040
-0.00134; 81.39460; -0.00001; 1.78796
-0.00033; 81.39150; -0.00001; 1.67105
0.00021; 81.38799; -0.00001; 1.29282
0.00046; 81.38473; -0.00001; 0.87356
0.00059; 81.38272; -0.00001; 0.51280
0.00077; 81.38215; -0.00001; 0.23463
0.00120; 81.38373; -0.00001; 0.02915
0.00298; 81.40402; -0.00001; 0.00475
0.01518; 82.10639; -0.00001; 1.45679
0.01864; 82.12418; -0.00001; -3.67248
0.00452; 81.90316; -0.00001; -11.52937
-0.00125; 81.87740; -0.00001; -9.98046
-0.00348; 81.68724; -0.00001; -6.78642
-0.00386; 81.52771; -0.00001; -3.80836
-0.00346; 81.44140; -0.00001; -1.59489
-0.00262; 81.40087; -0.00001; -0.09744
-0.00159; 81.38662; -0.00001; 0.76650
-0.00054; 81.38482; -0.00001; 1.09875
0.00078; 81.39074; -0.00001; 1.11356
0.00302; 81.41942; -0.00001; 0.92691
0.01000; 81.69868; -0.00001; 1.08490
0.05841; 92.48807; -0.00001; 8.19189
0.07169; 92.59234; -0.00001; -11.43884
0.02427; 87.77053; -0.00001; -41.62105
0.03551; 84.64267; -0.00001; -31.99536
0.03829; 84.90082; -0.00001; -33.42988
0.00071; 90.02179; -0.00001; -45.06695
-0.00425; 86.04902; -0.00001; -32.60163
0.03548; 83.20683; -0.00001; -13.38202
0.05227; 86.01394; -0.00001; -19.56208
0.01684; 86.75794; -0.00001; -40.06482
0.05276; 85.84985; -0.00001; -24.44628
0.06484; 88.65779; -0.00001; -33.02015
0.00638; 95.46713; -0.00001; -58.58886
-0.01183; 92.41948; -0.00001; -46.25355
-0.00584; 84.80974; -0.00001; -27.94562
0.04356; 84.92481; -0.00001; -8.53263
0.06275; 88.49986; -0.00001; -18.91404
0.01476; 89.04793; -0.00001; -45.77968
-0.00201; 88.12641; -0.00001; -39.27869
0.02293; 82.31609; -0.00001; -21.39335
0.03314; 83.18916; -0.00001; -22.06019
0.00146; 86.37549; -0.00001; -34.66081
-0.00396; 84.36620; -0.00001; -25.64602
0.01882; 81.80128; -0.00001; -12.27266
0.06947; 92.64508; -0.00001; -4.71692
0.06376; 88.90240; -0.00001; -29.33217
0.01736; 91.08535; -0.00001; -51.56067
0.03649; 84.83009; -0.00001; -35.69728
0.04625; 85.60889; -0.00001; -35.63298
0.03336; 86.73131; -0.00001; -43.96755
0.03050; 86.13410; -0.00001; -42.54647
0.00073; 90.53647; -0.00001; -47.46228
0.02960; 82.98560; -0.00001; -27.27303
0.06490; 88.39384; -0.00001; -22.74709
0.03766; 87.58353; -0.00001; -45.44320
-0.00414; 94.54741; -0.00001; -53.66987
-0.01385; 89.55060; -0.00001; -38.44204
-0.00550; 83.46284; -0.00001; -21.83565
0.06054; 90.75409; -0.00001; -0.06531
0.10604; 105.95604; -0.00001; -11.43485
0.05307; 92.68397; -0.00001; -56.25813
0.01356; 96.59007; -0.00001; -63.74195
0.03943; 85.69471; -0.00001; -42.04652
0.05496; 86.90605; -0.00001; -40.32199
0.01912; 91.62027; -0.00001; -56.22308
0.00312; 90.60896; -0.00001; -49.61934
-0.00035; 86.70789; -0.00001; -37.78192
0.09198; 100.60485; -0.00001; -5.55568
0.11835; 107.60056; -0.00001; -30.65219
0.01826; 110.49096; -0.00001; -85.74887
-0.01042; 105.06363; -0.00001; -71.25120
-0.01082; 92.12535; -0.00001; -48.15560
0.01856; 82.32112; -0.00001; -25.84472
0.04104; 83.75524; -0.00001; -21.95465
0.07884; 92.59317; -0.00001; -21.59320
0.09237; 96.44555; -0.00001; -38.83531
0.02473; 101.09480; -0.00001; -74.17720
0.06613; 89.42655; -0.00001; -48.21789
0.07874; 92.91429; -0.00001; -53.81608
-0.00320; 113.26119; -0.00001; -85.15948
-0.01445; 100.03727; -0.00001; -62.11739
0.03788; 83.12814; -0.00001; -29.19535
0.06044; 86.98047; -0.00001; -31.55866
0.03072; 88.89144; -0.00001; -50.85376
0.02757; 87.07403; -0.00001; -46.23331
0.04419; 85.47515; -0.00001; -38.47048
0.05223; 86.88946; -0.00001; -41.12388
0.00212; 95.70592; -0.00001; -58.76823
0.01157; 85.79536; -0.00001; -39.57606
0.06408; 88.04509; -0.00001; -20.53061
0.06697; 89.21734; -0.00001; -37.08059
0.00860; 97.15812; -0.00001; -63.78890
0.00316; 90.05989; -0.00001; -48.86077
0.09150; 98.04342; -0.00001; -11.39067
0.13479; 115.95004; -0.00001; -25.57861
0.26172; 215.38365; -0.00000; -11.07011
0.25491; 193.83120; -0.00000; -78.58489
0.26081; 199.92975; -0.00000; -121.32483
0.19876; 201.56572; -0.00000; -177.63311
0.04220; 288.64542; -0.00000; -225.17135
0.05138; 221.44058; -0.00000; -196.99036
0.15128; 141.45245; -0.00001; -145.23041
0.15106; 150.81438; -0.00001; -153.74744
0.15031; 156.31147; -0.00001; -158.88675
0.15951; 157.87663; -0.00001; -158.91324
0.10354; 184.06495; -0.00000; -181.51524
-0.05682; 292.34024; -0.00000; -204.59624
0.07669; 136.39705; -0.00001; -143.93006
0.05400; 141.03406; -0.00001; -142.79066
0.01283; 151.11633; -0.00001; -140.19288
0.01984; 123.07361; -0.00001; -114.70401
-0.00177; 120.58964; -0.00001; -102.61511
0.00369; 102.29448; -0.00001; -78.75291
-0.04200; 116.74783; -0.00001; -74.73366
-0.02813; 93.25038; -0.00001; -41.26787
0.02220; 81.66464; -0.00001; -13.10671
0.04334; 84.27930; -0.00001; -16.61545
0.00283; 86.98334; -0.00001; -36.72711
-0.00884; 85.81244; -0.00001; -28.32660
-0.00412; 82.58159; -0.00001; -16.25897
-0.00035; 81.72534; -0.00001; -10.42984
-0.00566; 81.98645; -0.00001; -9.31608
-0.00580; 81.67513; -0.00001; -5.17060
-0.00465; 81.48604; -0.00001; -1.99813
-0.00309; 81.40933; -0.00001; -0.02950
-0.00166; 81.38870; -0.00001; 0.92376
-0.00069; 81.38541; -0.00001; 1.14726
-0.00010; 81.38428; -0.00001; 1.02500
0.00022; 81.38292; -0.00001; 0.76770
0.00039; 81.38173; -0.00001; 0.49580
0.00051; 81.38112; -0.00001; 0.26297
0.00074; 81.38142; -0.00001; 0.08482
0.00170; 81.38775; -0.00001; 0.02789
0.00859; 81.61321; -0.00001; 0.84397
0.01041; 81.61165; -0.00001; -2.08366
0.00256; 81.54322; -0.00001; -6.45341
-0.00064; 81.53436; -0.00001; -5.59404
-0.00186; 81.47466; -0.00001; -3.82168
-0.00207; 81.42533; -0.00001; -2.17772
-0.00183; 81.39833; -0.00001; -0.95291
-0.00132; 81.38542; -0.00001; -0.12169
-0.00076; 81.38131; -0.00001; 0.32931
-0.00027; 81.38071; -0.00001; 0.48460
0.00021; 81.38121; -0.00001; 0.46578
0.00079; 81.38301; -0.00001; 0.34751
0.00226; 81.39624; -0.00001; 0.26356
0.01078; 81.75205; -0.00001; 1.14119
0.01671; 82.03694; -0.00001; -1.80986
0.00889; 81.66059; -0.00001; -8.44641
0.00071; 81.82181; -0.00001; -10.01214
-0.00252; 81.70539; -0.00001; -7.50342
-0.00340; 81.55012; -0.00001; -4.60325
-0.00314; 81.45044; -0.00001; -2.26871
-0.00244; 81.40395; -0.00001; -0.68752
-0.00137; 81.38505; -0.00001; 0.29367
-0.00035; 81.38218; -0.00001; 0.67454
0.00074; 81.38571; -0.00001; 0.68935
0.00308; 81.41544; -0.00001; 0.64029
0.01586; 82.20747; -0.00001; 1.94998
0.01952; 82.21122; -0.00001; -3.52554
0.00490; 81.92751; -0.00001; -11.80624
-0.00098; 81.89480; -0.00001; -10.27960
-0.00301; 81.68236; -0.00001; -7.02790
-0.00252; 81.48854; -0.00001; -3.96058
0.00275; 81.38752; -0.00001; -1.19064
0.00513; 81.42385; -0.00001; -1.71421
0.00059; 81.44560; -0.00001; -4.04181
-0.00094; 81.43691; -0.00001; -3.21314
-0.00138; 81.41102; -0.00001; -2.02797
-0.00134; 81.39347; -0.00001; -1.04467
-0.00105; 81.38441; -0.00001; -0.34580
-0.00068; 81.38096; -0.00001; 0.07264
-0.00039; 81.38016; -0.00001; 0.25394
-0.00021; 81.37999; -0.00001; 0.29518
-0.00011; 81.37990; -0.00001; 0.27255
-0.00003; 81.37984; -0.00001; 0.23298
0.00008; 81.37987; -0.00001; 0.19618
0.00030; 81.38018; -0.00001; 0.15874
0.00079; 81.38174; -0.00001; 0.11171
0.00255; 81.39919; -0.00001; 0.16911
0.01364; 81.97962; -0.00001; 1.50640
0.01958; 82.25706; -0.00001; -2.55950
0.00859; 81.78768; -0.00001; -10.54858
0.00105; 81.90407; -0.00001; -11.13764
0.00019; 81.62649; -0.00001; -7.97565
0.01237; 81.65104; -0.00001; -3.22361
0.01782; 81.95404; -0.00001; -5.84291
0.01087; 81.82401; -0.00001; -11.70977
0.01339; 81.78157; -0.00001; -10.94750
0.00723; 81.91880; -0.00001; -13.48739
0.00053; 82.07651; -0.00001; -13.17558
0.00857; 81.50848; -0.00001; -7.67258
0.01818; 81.92915; -0.00001; -6.71173
0.05504; 88.74359; -0.00001; -2.94472
0.06600; 89.82196; -0.00001; -18.66418
0.01509; 89.49909; -0.00001; -46.00744
0.00336; 86.92261; -0.00001; -37.69294
0.00490; 83.68836; -0.00001; -27.10406
0.03353; 82.99767; -0.00001; -15.20003
0.08269; 95.74770; -0.00001; -11.86290
0.06032; 89.45753; -0.00001; -42.28466
0.00475; 97.29701; -0.00001; -61.45931
-0.01153; 92.73280; -0.00001; -47.33869
-0.00361; 84.60595; -0.00001; -28.53052
0.10209; 109.25470; -0.00001; 5.36227
0.13043; 115.07018; -0.00001; -25.44554
0.02889; 109.31019; -0.00001; -85.80209
-0.01391; 110.71695; -0.00001; -77.60322
-0.00946; 92.58893; -0.00001; -50.03835
0.07332; 91.17397; -0.00001; -14.64409
0.10384; 100.62476; -0.00001; -30.59795
0.02047; 103.92781; -0.00001; -77.70652
0.02064; 92.10500; -0.00001; -59.45894
0.10765; 101.69432; -0.00001; -27.41262
0.12247; 107.17183; -0.00001; -53.30820
0.06155; 108.73425; -0.00001; -93.04939
0.08695; 99.65760; -0.00001; -76.94205
0.06437; 103.56273; -0.00001; -88.91508
0.06418; 100.16745; -0.00001; -84.12770
0.06707; 98.39472; -0.00001; -80.77229
-0.04140; 148.12090; -0.00001; -111.16178
-0.04259; 116.24245; -0.00001; -74.48123
-0.02341; 91.38441; -0.00001; -40.58390
0.13124; 130.16463; -0.00001; 18.31492
0.15621; 129.45679; -0.00001; -25.02318
0.04286; 116.68105; -0.00001; -99.39588
0.10253; 100.04504; -0.00001; -63.78226
0.13121; 110.84894; -0.00001; -69.85943
0.12182; 114.37698; -0.00001; -93.49213
0.20245; 148.52386; -0.00001; -77.31805
0.12377; 146.97696; -0.00001; -141.93294
-0.03837; 240.16033; -0.00000; -182.07816
0.10017; 109.33982; -0.00001; -105.93844
0.25789; 190.41751; -0.00000; -53.77726
0.26180; 192.57972; -0.00000; -113.17641
0.26180; 205.49408; -0.00000; -151.51598
0.26180; 221.16483; -0.00000; -175.88187
0.26180; 236.08112; -0.00000; -192.78112
0.26180; 249.88278; -0.00000; -205.46451
0.18122; 300.11830; -0.00000; -243.23911
0.05484; 385.21222; -0.00000; -262.67379
0.20228; 231.18586; -0.00000; -212.84302
0.05341; 346.48385; -0.00000; -251.31906
0.05957; 298.72861; -0.00000; -236.26179
0.00754; 309.60820; -0.00000; -230.50152
0.08437; 204.55377; -0.00000; -197.37177
0.08763; 185.26991; -0.00000; -185.30966
-0.07424; 305.19377; -0.00000; -205.40906
0.02887; 164.56202; -0.00001; -158.85919
0.06611; 124.19688; -0.00001; -130.02814
0.11707; 111.11439; -0.00001; -108.47534
-0.04193; 208.05264; -0.00000; -161.69555
0.00937; 124.20538; -0.00001; -112.18322
0.02855; 101.01978; -0.00001; -86.75220
0.01790; 100.08160; -0.00001; -79.67277
0.01495; 94.76081; -0.00001; -67.69672
0.01101; 91.27132; -0.00001; -57.58733
0.02217; 85.77658; -0.00001; -44.67829
0.04761; 84.97169; -0.00001; -35.46852
0.05974; 87.60774; -0.00001; -40.08047
0.00056; 98.51732; -0.00001; -63.62516
-0.00846; 91.54209; -0.00001; -46.97342
0.03360; 82.72021; -0.00001; -21.91853
0.06028; 87.28329; -0.00001; -23.05315
0.09368; 97.07831; -0.00001; -29.42608
0.10305; 100.39954; -0.00001; -49.64353
0.00855; 116.43812; -0.00001; -91.87394
-0.01442; 106.41885; -0.00001; -72.20170
0.02667; 83.96087; -0.00001; -38.29483
0.04598; 84.79948; -0.00001; -34.49340
0.04007; 86.28245; -0.00001; -42.97207
0.04307; 86.52764; -0.00001; -43.39495
-0.00124; 94.84108; -0.00001; -56.10708
-0.01906; 92.72646; -0.00001; -43.54395
-0.02122; 87.07513; -0.00001; -26.33272
-0.01812; 83.64297; -0.00001; -12.86781
-0.01338; 82.12222; -0.00001; -4.00987
-0.00823; 81.57598; -0.00001; 1.11671
-0.00425; 81.45401; -0.00001; 3.21586
-0.00150; 81.43379; -0.00001; 3.55531
0.00009; 81.42161; -0.00001; 2.97791
0.00082; 81.40597; -0.00001; 2.09028
0.00102; 81.39300; -0.00001; 1.24367
0.00091; 81.38502; -0.00001; 0.57849
0.00065; 81.38121; -0.00001; 0.12838
0.00037; 81.38004; -0.00001; -0.10858
0.00016; 81.37983; -0.00001; -0.19069
0.00003; 81.37980; -0.00001; -0.18433
-0.00005; 81.37976; -0.00001; -0.13823
-0.00008; 81.37972; -0.00001; -0.08290
-0.00009; 81.37968; -0.00001; -0.03380
-0.00008; 81.37966; -0.00001; 0.00365
-0.00005; 81.37965; -0.00001; 0.02899
0.00000; 81.37965; -0.00001; 0.04254
0.00009; 81.37968; -0.00001; 0.04259
0.00021; 81.37978; -0.00001; 0.02424
0.00037; 81.37998; -0.00001; -0.02023
0.00053; 81.38024; -0.00001; -0.09928
0.00063; 81.38041; -0.00001; -0.21752
0.00057; 81.38033; -0.00001; -0.36788
0.00019; 81.38060; -0.00001; -0.52468
-0.00077; 81.38497; -0.00001; -0.64171
-0.00339; 81.42339; -0.00001; -0.79411
-0.01490; 82.11031; -0.00001; -2.10479
-0.02545; 82.99947; -0.00001; 1.16208
-0.07307; 95.85615; -0.00001; -2.45420
-0.09562; 100.53179; -0.00001; 17.02302
-0.04344; 92.05860; -0.00001; 54.76683
-0.03701; 89.12948; -0.00001; 51.06457
-0.03315; 87.66660; -0.00001; 48.17743
-0.01162; 89.78226; -0.00001; 50.05042
-0.00798; 86.51217; -0.00001; 40.25160
-0.00495; 84.80375; -0.00001; 32.83931
-0.00679; 83.15847; -0.00001; 25.65385
0.00766; 84.64037; -0.00001; 24.84239
0.00461; 82.45117; -0.00001; 14.97757
-0.03102; 83.59482; -0.00001; 2.47321
-0.04763; 85.89310; -0.00001; 10.36688
-0.03163; 84.14355; -0.00001; 27.14288
-0.04153; 84.63859; -0.00001; 26.40477
-0.02666; 85.11490; -0.00001; 35.55008
-0.01023; 85.96820; -0.00001; 37.01384
-0.07220; 91.33981; -0.00001; 14.68241
-0.09809; 98.93917; -0.00001; 29.51660
-0.05522; 94.65991; -0.00001; 63.60994
-0.04721; 92.68759; -0.00001; 62.68720
-0.06407; 90.57485; -0.00001; 54.76617
-0.07986; 93.37827; -0.00001; 55.89796
-0.05651; 96.24669; -0.00001; 72.24773
-0.10976; 100.81258; -0.00001; 54.17037
-0.10341; 103.78299; -0.00001; 76.39045
-0.03230; 120.46754; -0.00001; 107.27522
-0.11676; 102.56934; -0.00001; 63.21398
-0.15740; 121.90587; -0.00001; 71.80955
-0.15905; 128.96291; -0.00001; 99.88971
-0.16612; 137.41622; -0.00001; 116.05914
-0.04636; 183.97342; -0.00000; 169.01366
-0.09272; 126.83442; -0.00001; 129.00477
-0.12118; 119.12583; -0.00001; 115.60183
-0.13466; 124.24444; -0.00001; 118.24881
-0.14001; 130.55813; -0.00001; 125.61447
-0.10803; 141.66222; -0.00001; 143.83756
-0.14704; 131.03490; -0.00001; 125.83285
-0.17662; 141.49731; -0.00001; 126.41270
-0.18345; 153.94395; -0.00001; 141.48194
-0.19555; 164.96389; -0.00001; 150.94265
-0.06249; 237.11385; -0.00000; 206.35331
-0.17911; 151.92595; -0.00001; 147.68416
-0.02671; 247.39903; -0.00000; 205.98522
0.05289; 273.07354; -0.00000; 197.81323
-0.10073; 121.41783; -0.00001; 129.74468
-0.17915; 130.28061; -0.00001; 105.61242
-0.19892; 150.62828; -0.00001; 126.32914
-0.22519; 171.99504; -0.00000; 140.07305
-0.18787; 188.69011; -0.00000; 177.53316
-0.21584; 188.70150; -0.00000; 171.31997
-0.19104; 205.57344; -0.00000; 192.66145
-0.24963; 203.10769; -0.00000; 172.72052
-0.26179; 223.82688; -0.00000; 186.92657
-0.23258; 248.98066; -0.00000; 214.66262
-0.09178; 352.21308; -0.00000; 257.66454
0.05023; 444.40595; -0.00000; 260.87325
0.07337; 414.44189; -0.00000; 247.07978
0.09681; 387.26182; -0.00000; 231.82552
0.15446; 393.39561; -0.00000; 215.58199
0.19479; 382.15428; -0.00000; 195.22590
0.23754; 373.48938; -0.00000; 171.03502
0.26168; 348.49890; -0.00000; 141.70679
0.26168; 302.65230; -0.00000; 104.59433
0.07351; 98.91191; -0.00001; 7.39891
0.03802; 85.90021; -0.00001; -17.75529
0.01568; 83.99692; -0.00001; -23.62064
0.00182; 83.46894; -0.00001; -21.16875
-0.00479; 82.74871; -0.00001; -15.27952
-0.00664; 82.06466; -0.00001; -9.18370
-0.00599; 81.64523; -0.00001; -4.40411
-0.00455; 81.46586; -0.00001; -1.31259
-0.00275; 81.40105; -0.00001; 0.48318
-0.00135; 81.38821; -0.00001; 1.18164
-0.00041; 81.38645; -0.00001; 1.26508
0.00019; 81.38547; -0.00001; 1.05681
0.00058; 81.38443; -0.00001; 0.74827
0.00119; 81.38660; -0.00001; 0.49521
0.00496; 81.46513; -0.00001; 0.87724
0.00573; 81.45306; -0.00001; -0.87083
0.00159; 81.42323; -0.00001; -3.36316
-0.00013; 81.42211; -0.00001; -3.03613
-0.00085; 81.40749; -0.00001; -2.17652
-0.00105; 81.39427; -0.00001; -1.33006
-0.00096; 81.38590; -0.00001; -0.65359
-0.00071; 81.38160; -0.00001; -0.17757
-0.00042; 81.38016; -0.00001; 0.08793
-0.00020; 81.37986; -0.00001; 0.19074
-0.00006; 81.37982; -0.00001; 0.19699
0.00002; 81.37978; -0.00001; 0.15686
0.00006; 81.37972; -0.00001; 0.10359
0.00006; 81.37968; -0.00001; 0.05589
0.00005; 81.37966; -0.00001; 0.02136
0.00003; 81.37965; -0.00001; 0.00066
0.00002; 81.37965; -0.00001; -0.00904
0.00001; 81.37965; -0.00001; -0.01150
0.00000; 81.37964; -0.00001; -0.01009
-0.00000; 81.37964; -0.00001; -0.00722
-0.00000; 81.37964; -0.00001; -0.00432
-0.00000; 81.37964; -0.00001; -0.00205
-0.00000; 81.37964; -0.00001; -0.00054
-0.00000; 81.37964; -0.00001; 0.00034
-0.00000; 81.37964; -0.00001; 0.00082
-0.00000; 81.37964; -0.00001; 0.00110
-0.00000; 81.37964; -0.00001; 0.00131
0.00000; 81.37964; -0.00001; 0.00142
0.00000; 81.37964; -0.00001; 0.00127
0.00001; 81.37964; -0.00001; 0.00056
0.00001; 81.37964; -0.00001; -0.00112
0.00002; 81.37965; -0.00001; -0.00419
0.00002; 81.37965; -0.00001; -0.00884
0.00002; 81.37965; -0.00001; -0.01471
0.00001; 81.37965; -0.00001; -0.02039
-0.00003; 81.37965; -0.00001; -0.02293
-0.00010; 81.37968; -0.00001; -0.01745
-0.00019; 81.37974; -0.00001; 0.00268
-0.00031; 81.37986; -0.00001; 0.04478
-0.00041; 81.37997; -0.00001; 0.11416
-0.00042; 81.37998; -0.00001; 0.20933
-0.00026; 81.37996; -0.00001; 0.31518
0.00020; 81.38079; -0.00001; 0.39657
0.00116; 81.38585; -0.00001; 0.39850
0.00314; 81.41036; -0.00001; 0.29750
0.01010; 81.68263; -0.00001; 0.64591
0.06063; 93.29361; -0.00001; 8.53757
0.07322; 93.00035; -0.00001; -12.00840
0.01870; 88.93966; -0.00001; -44.22658
-0.00212; 88.43240; -0.00001; -39.24745
-0.00128; 84.08047; -0.00001; -26.08723
0.00268; 82.30604; -0.00001; -17.94127
0.01340; 81.66413; -0.00001; -12.23798
0.01873; 81.95853; -0.00001; -12.95759
-0.00023; 83.17942; -0.00001; -20.44419
-0.00624; 82.79428; -0.00001; -15.55134
-0.00746; 82.11842; -0.00001; -9.57368
-0.00654; 81.68186; -0.00001; -4.77038
-0.00502; 81.48577; -0.00001; -1.57536
-0.00308; 81.40722; -0.00001; 0.38991
-0.00157; 81.38989; -0.00001; 1.19114
-0.00055; 81.38701; -0.00001; 1.30648
0.00004; 81.38535; -0.00001; 1.08801
0.00031; 81.38319; -0.00001; 0.75375
0.00036; 81.38130; -0.00001; 0.43303
0.00028; 81.38019; -0.00001; 0.19126
0.00017; 81.37976; -0.00001; 0.04686
0.00008; 81.37966; -0.00001; -0.01580
0.00005; 81.37965; -0.00001; -0.02649
0.00010; 81.37966; -0.00001; -0.01685
0.00024; 81.37978; -0.00001; -0.01624
0.00047; 81.38015; -0.00001; -0.05049
0.00073; 81.38078; -0.00001; -0.14042
0.00095; 81.38135; -0.00001; -0.29717
0.00095; 81.38137; -0.00001; -0.51276
0.00055; 81.38140; -0.00001; -0.75208
-0.00058; 81.38671; -0.00001; -0.95671
-0.00318; 81.42496; -0.00001; -1.10293
-0.01129; 81.80296; -0.00001; -1.75399
-0.12510; 133.45123; -0.00001; -30.04577
-0.12964; 117.66123; -0.00001; 16.49275
-0.05504; 99.69636; -0.00001; 70.48739
-0.14513; 119.61684; -0.00001; 38.17779
-0.16678; 130.10352; -0.00001; 67.24613
-0.09411; 127.90837; -0.00001; 118.92485
-0.08477; 119.31608; -0.00001; 113.40946
0.02007; 165.70539; -0.00000; 136.27691
-0.04006; 98.88108; -0.00001; 84.48977
-0.05075; 94.13792; -0.00001; 74.75063
0.03422; 130.65782; -0.00001; 96.15757
0.02218; 99.95075; -0.00001; 60.01606
-0.05976; 86.41400; -0.00001; 19.51804
-0.09076; 95.19686; -0.00001; 30.35090
-0.01157; 102.30897; -0.00001; 73.52156
-0.01186; 90.97290; -0.00001; 54.53141
-0.01461; 86.35037; -0.00001; 43.00058
-0.00695; 86.10746; -0.00001; 38.96927
-0.03972; 83.53172; -0.00001; 23.17356
-0.05483; 86.24385; -0.00001; 27.73186
-0.15458; 133.15082; -0.00001; 9.77767
-0.15917; 127.08784; -0.00001; 55.63739
-0.05679; 128.53970; -0.00001; 116.33648
-0.02147; 122.41501; -0.00001; 107.14680
-0.04319; 97.22018; -0.00001; 78.86396
-0.08399; 93.48285; -0.00001; 62.11122
-0.05400; 99.63226; -0.00001; 81.68299
-0.08966; 96.29734; -0.00001; 66.89981
-0.10565; 102.32515; -0.00001; 73.81841
0.01490; 147.48881; -0.00001; 120.44148
-0.03042; 95.30669; -0.00001; 73.46711
-0.08154; 91.29971; -0.00001; 52.38822
-0.05988; 95.50321; -0.00001; 72.48672
-0.04629; 96.58504; -0.00001; 75.00371
-0.05228; 92.84977; -0.00001; 67.54317
-0.06103; 92.04830; -0.00001; 64.04279
-0.08257; 94.17299; -0.00001; 60.96111
-0.04717; 100.00944; -0.00001; 80.50450
-0.04762; 95.05235; -0.00001; 72.34153
-0.08153; 93.20091; -0.00001; 59.15179
-0.07849; 96.57847; -0.00001; 70.89620
-0.06928; 98.60126; -0.00001; 78.43327
-0.06881; 98.10301; -0.00001; 78.35144
-0.00588; 116.70398; -0.00001; 95.71746
-0.04027; 90.36173; -0.00001; 63.10413
-0.03942; 90.26718; -0.00001; 61.02712
-0.02163; 92.80570; -0.00001; 62.80307
-0.02902; 87.63562; -0.00001; 51.31983
-0.06425; 87.67051; -0.00001; 38.95744
-0.08656; 93.76953; -0.00001; 44.96393
-0.07737; 95.30939; -0.00001; 63.12538
-0.07637; 96.57823; -0.00001; 69.33601
-0.00903; 113.78419; -0.00001; 91.60391
-0.08331; 91.77762; -0.00001; 49.64060
-0.10926; 101.08771; -0.00001; 58.30404
-0.02048; 119.34779; -0.00001; 101.64383
-0.10240; 97.57836; -0.00001; 57.55190
-0.12992; 109.58821; -0.00001; 68.92703
-0.00754; 145.08979; -0.00001; 125.41883
-0.08518; 96.15864; -0.00001; 73.65762
-0.10683; 102.39802; -0.00001; 76.62148
-0.00519; 137.32771; -0.00001; 118.51398
-0.11185; 99.79932; -0.00001; 61.22780
-0.14092; 114.10185; -0.00001; 74.91160
0.02992; 185.72990; -0.00000; 147.07617
-0.00727; 114.35640; -0.00001; 96.62996
-0.01310; 98.43667; -0.00001; 74.93551
0.00543; 99.10624; -0.00001; 67.21713
-0.00187; 88.92575; -0.00001; 48.17479
-0.01627; 83.75517; -0.00001; 34.69006
-0.10723; 106.21718; -0.00001; 8.22450
-0.10721; 101.66962; -0.00001; 43.67647
-0.00914; 115.82067; -0.00001; 91.62594
0.02669; 113.20701; -0.00001; 76.43573
0.03167; 98.27731; -0.00001; 49.44514
0.02869; 88.80691; -0.00001; 27.27103
0.02251; 84.09222; -0.00001; 11.56304
0.01566; 82.21254; -0.00001; 1.82828
0.00884; 81.61133; -0.00001; -3.40919
0.00339; 81.50769; -0.00001; -5.12843
-0.00086; 81.51479; -0.00001; -4.76794
-0.00424; 81.53456; -0.00001; -3.25422
-0.00715; 81.56369; -0.00001; -1.17324
-0.00891; 81.56536; -0.00001; 1.33150
-0.00909; 81.54175; -0.00001; 3.82088
-0.00569; 81.51063; -0.00001; 6.18064
0.00372; 81.82482; -0.00001; 7.89716
0.02141; 83.56505; -0.00001; 8.16666
0.04813; 88.53873; -0.00001; 5.82377
0.07982; 97.11279; -0.00001; -1.30675
0.10796; 105.86532; -0.00001; -15.43528
0.26174; 227.96170; -0.00000; 14.50409
0.26180; 205.69853; -0.00000; -50.36666
0.26180; 200.35599; -0.00000; -103.31031
0.26180; 206.77989; -0.00000; -140.65182
0.23807; 213.81915; -0.00000; -175.83500
0.08776; 296.11409; -0.00000; -235.08681
-0.06215; 380.42890; -0.00000; -238.32151
-0.15495; 406.20201; -0.00000; -220.68101
-0.19281; 385.96753; -0.00000; -198.38356
-0.23336; 373.27294; -0.00000; -173.57961
-0.26169; 351.54940; -0.00000; -143.95027
-0.26174; 304.42552; -0.00000; -105.56163
-0.06879; 96.89481; -0.00001; -6.61163
-0.01994; 84.46578; -0.00001; 18.96055
0.01302; 85.39376; -0.00001; 19.66897
0.02896; 85.22137; -0.00001; 9.24925
0.02411; 82.69195; -0.00001; -4.78188
-0.00462; 83.21063; -0.00001; -16.68293
-0.06339; 99.47560; -0.00001; -23.74788
-0.14720; 143.08730; -0.00001; -21.72132
-0.20825; 175.76155; -0.00000; 4.80505
-0.26178; 209.67245; -0.00000; 37.62644
-0.26180; 200.61140; -0.00000; 94.00168
-0.26180; 205.04199; -0.00000; 133.80985
-0.26180; 215.50313; -0.00000; 160.96725
-0.26180; 227.64536; -0.00000; 180.31634
-0.26180; 239.98300; -0.00000; 194.89304
-0.26180; 252.11098; -0.00000; 206.41135
-0.26180; 263.96719; -0.00000; 215.89737
-0.17966; 318.85007; -0.00000; 250.70170
-0.03006; 426.95040; -0.00000; 269.97438
0.06315; 464.03155; -0.00000; 262.65368
0.09555; 440.92614; -0.00000; 248.72562
0.12673; 418.00200; -0.00000; 232.80679
0.15989; 397.13164; -0.00000; 214.24699
0.19697; 379.70404; -0.00000; 192.19739
0.23971; 367.99950; -0.00000; 165.80928
0.26177; 338.54849; -0.00000; 133.49039
0.26178; 291.36750; -0.00000; 92.33438
0.12120; 120.95665; -0.00001; -0.04386
0.04661; 93.24270; -0.00001; -47.39101
0.00960; 91.96206; -0.00001; -48.68173
-0.00863; 89.04002; -0.00001; -37.52549
-0.01435; 85.49023; -0.00001; -23.92405
-0.01366; 83.08475; -0.00001; -12.57781
-0.01035; 81.93002; -0.00001; -4.80165
-0.00660; 81.52132; -0.00001; -0.32008
-0.00324; 81.41750; -0.00001; 1.77984
-0.00122; 81.40208; -0.00001; 2.17886
-0.00051; 81.39228; -0.00001; 1.79390
-0.00106; 81.38345; -0.00001; 1.21440
-0.00229; 81.38825; -0.00001; 0.95410
-0.01754; 82.35194; -0.00001; -1.89737
-0.19991; 198.42029; -0.00000; -46.37788
-0.17079; 140.40434; -0.00001; 31.83059
-0.03438; 129.09805; -0.00001; 108.73192
0.02860; 133.65171; -0.00001; 98.63026
0.03650; 108.76712; -0.00001; 64.52966
0.03352; 93.27125; -0.00001; 36.27918
0.02667; 85.72230; -0.00001; 16.33775
0.01877; 82.69923; -0.00001; 3.91180
0.01113; 81.73315; -0.00001; -2.79582
0.00537; 81.53728; -0.00001; -5.29051
0.00157; 81.50334; -0.00001; -5.37677
-0.00052; 81.47167; -0.00001; -4.30590
-0.00140; 81.43467; -0.00001; -2.92359
-0.00162; 81.40742; -0.00001; -1.68886
-0.00160; 81.39314; -0.00001; -0.76149
-0.00176; 81.38943; -0.00001; -0.15791
-0.00491; 81.45082; -0.00001; -0.25565
-0.00588; 81.45299; -0.00001; 1.28992
-0.00417; 81.42404; -0.00001; 3.14561
-0.00319; 81.42094; -0.00001; 3.62698
0.00009; 81.45919; -0.00001; 4.17501
0.00124; 81.43524; -0.00001; 3.01984
0.00149; 81.40756; -0.00001; 1.79187
0.00134; 81.39105; -0.00001; 0.84049
0.00096; 81.38307; -0.00001; 0.19209
0.00056; 81.38052; -0.00001; -0.15911
0.00025; 81.38006; -0.00001; -0.28223
0.00006; 81.37998; -0.00001; -0.27666
-0.00005; 81.37989; -0.00001; -0.21305
-0.00009; 81.37978; -0.00001; -0.13625
-0.00008; 81.37970; -0.00001; -0.07035
-0.00006; 81.37966; -0.00001; -0.02428
-0.00004; 81.37965; -0.00001; 0.00224
-0.00002; 81.37965; -0.00001; 0.01371
-0.00001; 81.37965; -0.00001; 0.01568
-0.00000; 81.37965; -0.00001; 0.01299
-0.00001; 81.37964; -0.00001; 0.00927
-0.00001; 81.37964; -0.00001; 0.00694
-0.00002; 81.37965; -0.00001; 0.00744
-0.00003; 81.37965; -0.00001; 0.01136
-0.00003; 81.37965; -0.00001; 0.01823
-0.00002; 81.37965; -0.00001; 0.02626
0.00003; 81.37965; -0.00001; 0.03178
0.00011; 81.37969; -0.00001; 0.02854
0.00023; 81.37979; -0.00001; 0.00760
0.00038; 81.37999; -0.00001; -0.04159
0.00053; 81.38023; -0.00001; -0.12806
0.00060; 81.38032; -0.00001; -0.25304
0.00046; 81.38023; -0.00001; -0.40005
-0.00006; 81.38107; -0.00001; -0.52710
-0.00126; 81.38836; -0.00001; -0.56775
-0.00409; 81.43495; -0.00001; -0.50957
-0.01529; 82.09634; -0.00001; -1.16894
-0.02083; 82.34366; -0.00001; 3.05391
-0.07228; 96.63400; -0.00001; -10.57373
-0.19646; 185.13123; -0.00000; -46.24815
-0.26173; 230.08011; -0.00000; -25.06273
