# v; beta; omega; n; xi;
6.94444; -0.00000; -0.00000; 0.79700; 0.05107
6.94444; -0.00000; -0.00000; 0.85359; 0.06290
6.94444; -0.00000; -0.00000; 0.92429; 0.07482
6.94444; -0.00000; -0.00000; 0.99767; 0.06849
6.94444; -0.00000; -0.00000; 1.05630; 0.05120
6.94444; -0.00000; -0.00000; 1.09932; 0.03661
6.94444; -0.00000; -0.00000; 1.12943; 0.02489
6.94444; -0.00000; -0.00000; 1.14949; 0.01614
6.94444; -0.00000; -0.00001; 1.16245; 0.01048
6.94444; -0.00000; -0.00001; 1.17137; 0.00795
6.94444; -0.00000; -0.00001; 1.17938; 0.00860
6.94444; -0.00001; -0.00001; 1.18967; 0.01242
6.94444; -0.00001; -0.00002; 1.20543; 0.01938
6.94444; -0.00001; -0.00002; 1.22985; 0.02936
6.94444; -0.00002; -0.00003; 1.26579; 0.04174
6.94444; -0.00002; -0.00004; 1.31512; 0.05524
6.94444; -0.00003; -0.00006; 1.37807; 0.06817
6.94444; -0.00004; -0.00008; 1.45308; 0.07893
6.94444; -0.00005; -0.00011; 1.53712; 0.08641
6.94444; -0.00007; -0.00015; 1.62644; 0.09021
6.94444; -0.00010; -0.00019; 1.71719; 0.09032
6.94444; -0.00013; -0.00026; 1.80561; 0.08677
6.94444; -0.00017; -0.00035; 1.88801; 0.07954
6.94444; -0.00023; -0.00046; 1.96075; 0.06856
6.94444; -0.00031; -0.00061; 2.02025; 0.05376
6.94444; -0.00044; -0.00088; 2.06294; 0.03501
6.94444; -0.00121; -0.00240; 2.08495; 0.01208
6.94444; 0.00967; 0.01921; 2.08836; -0.01365
6.94444; 0.03402; 0.06738; 2.08386; -0.03898
6.94444; 0.05566; 0.11003; 2.07841; -0.06201
6.94444; 0.05228; 0.10293; 2.06049; -0.08520
6.94444; 0.05388; 0.10582; 2.01967; -0.10927
6.94444; 0.07305; 0.14319; 1.96733; -0.12930
6.94444; 0.07729; 0.15051; 1.90974; -0.14350
6.94444; 0.07237; 0.14010; 1.83959; -0.15440
6.94444; 0.08532; 0.16486; 1.76411; -0.16064
6.94444; 0.11469; 0.22044; 1.70630; -0.15774
6.94444; 0.11708; 0.22156; 1.67065; -0.14730
6.94444; 0.10759; 0.20130; 1.64291; -0.13459
6.94444; 0.09541; 0.17765; 1.61711; -0.12145
6.94444; 0.08128; 0.15127; 1.59115; -0.10840
6.94444; 0.06517; 0.12152; 1.56274; -0.09599
6.94444; 0.04694; 0.08769; 1.52889; -0.08482
6.94444; 0.02649; 0.04912; 1.48580; -0.07560
6.94444; 0.00381; 0.00550; 1.42881; -0.06902
6.94444; -0.01979; -0.04060; 1.35320; -0.06548
6.94444; -0.03690; -0.07411; 1.25868; -0.06401
6.94444; -0.04905; -0.09766; 1.15005; -0.06261
6.94444; -0.05928; -0.11723; 1.03154; -0.05993
6.94444; -0.07213; -0.14167; 0.90433; -0.05586
6.94444; -0.08753; -0.17053; 0.76702; -0.05093
6.94444; -0.07688; -0.14847; 0.63408; -0.04147
6.94444; -0.09161; -0.17643; 0.51209; -0.02735
6.94444; -0.10440; -0.19956; 0.39139; -0.01186
6.94444; -0.09478; -0.17933; 0.28733; 0.00852
6.94444; -0.10677; -0.20158; 0.20620; 0.03356
6.94444; -0.14070; -0.26441; 0.12723; 0.05668
6.94444; -0.17530; -0.32312; 0.03456; 0.07452
6.94444; -0.20890; -0.37400; -0.07674; 0.08714
6.94444; -0.24036; -0.41532; -0.20955; 0.09531
6.94444; -0.26935; -0.44762; -0.36472; 0.10059
6.94444; -0.29607; -0.47258; -0.54086; 0.10535
6.94444; -0.32083; -0.49198; -0.73372; 0.11280
6.94444; -0.34387; -0.50721; -0.93542; 0.12677
6.94444; -0.36528; -0.51934; -1.13433; 0.15130
6.82555; -0.39143; -0.52709; -1.31917; 0.18949
6.69330; -0.41622; -0.53253; -1.47905; 0.24181
6.55609; -0.43941; -0.53643; -1.60466; 0.30471
6.29197; -0.46700; -0.53247; -1.69534; 0.37106
6.01993; -0.49300; -0.52785; -1.75562; 0.43288
5.73269; -0.51767; -0.52260; -1.79146; 0.48449
5.42467; -0.54081; -0.51670; -1.81054; 0.52424
5.09153; -0.56180; -0.51014; -1.82018; 0.55310
4.72861; -0.57950; -0.50283; -1.82627; 0.57228
4.32938; -0.59201; -0.49464; -1.83316; 0.58176
4.18982; -0.55808; -0.49567; -1.82735; 0.58210
4.07593; -0.51680; -0.49670; -1.79327; 0.57385
4.00045; -0.46851; -0.49757; -1.73156; 0.55577
3.97907; -0.41519; -0.49786; -1.64422; 0.52780
4.02588; -0.36103; -0.49674; -1.53555; 0.49148
4.14562; -0.31158; -0.49306; -1.41299; 0.44958
4.32877; -0.27121; -0.48594; -1.28663; 0.40534
4.55588; -0.24115; -0.47547; -1.16697; 0.36155
4.80704; -0.21999; -0.46255; -1.06243; 0.32007
5.06753; -0.20539; -0.44834; -0.97824; 0.28188
5.32837; -0.19528; -0.43375; -0.91670; 0.24740
5.58468; -0.18812; -0.41933; -0.87803; 0.21675
5.83410; -0.18289; -0.40540; -0.86102; 0.18996
6.07567; -0.17893; -0.39206; -0.86358; 0.16702
6.30921; -0.17579; -0.37937; -0.88306; 0.14779
6.53496; -0.17319; -0.36728; -0.91666; 0.13197
6.75337; -0.17092; -0.35577; -0.96169; 0.11909
6.94444; -0.16923; -0.34449; -1.01603; 0.10854
6.94444; -0.17079; -0.33117; -1.07984; 0.09928
6.94444; -0.17035; -0.31822; -1.15276; 0.09054
6.94444; -0.16816; -0.30533; -1.23259; 0.08212
6.94444; -0.16438; -0.29224; -1.31749; 0.07387
6.94444; -0.15911; -0.27871; -1.40587; 0.06574
6.94444; -0.15245; -0.26449; -1.49628; 0.05772
6.94444; -0.14443; -0.24931; -1.58728; 0.04986
6.94444; -0.13508; -0.23291; -1.67742; 0.04228
6.94444; -0.12439; -0.21495; -1.76509; 0.03516
6.94444; -0.11232; -0.19508; -1.84844; 0.02874
6.94444; -0.09883; -0.17288; -1.92531; 0.02337
6.94444; -0.08383; -0.14785; -1.99305; 0.01951
6.94444; -0.06720; -0.11944; -2.04842; 0.01770
6.94444; -0.04882; -0.08702; -2.08744; 0.01857
6.94444; -0.02853; -0.05001; -2.10537; 0.02281
6.94444; -0.01404; -0.02330; -2.10050; 0.03013
6.94444; -0.02750; -0.05137; -2.08810; 0.03594
6.94444; -0.02984; -0.05693; -2.07980; 0.03797
6.94444; -0.02388; -0.04577; -2.06835; 0.03903
6.94444; -0.01828; -0.03516; -2.05003; 0.04025
6.94444; -0.01391; -0.02683; -2.02551; 0.04146
6.94444; -0.01059; -0.02050; -1.99604; 0.04236
6.94444; -0.00806; -0.01564; -1.96293; 0.04274
6.94444; -0.00609; -0.01185; -1.92745; 0.04243
6.94444; -0.00459; -0.00895; -1.89081; 0.04142
6.94444; -0.00345; -0.00676; -1.85411; 0.03985
6.94444; -0.00260; -0.00509; -1.81812; 0.03798
6.94444; -0.00195; -0.00384; -1.78329; 0.03604
6.94444; -0.00147; -0.00288; -1.74979; 0.03422
6.94444; -0.00110; -0.00216; -1.71761; 0.03255
6.94444; -0.00082; -0.00162; -1.68671; 0.03102
6.94444; -0.00061; -0.00121; -1.65705; 0.02961
6.94444; -0.00045; -0.00090; -1.62858; 0.02828
6.94444; -0.00034; -0.00067; -1.60126; 0.02705
6.94444; -0.00025; -0.00050; -1.57505; 0.02588
6.94444; -0.00019; -0.00037; -1.54990; 0.02478
6.94444; -0.00014; -0.00028; -1.52577; 0.02374
6.94444; -0.00011; -0.00021; -1.50261; 0.02275
6.94444; -0.00008; -0.00016; -1.48038; 0.02182
6.94444; -0.00006; -0.00012; -1.45904; 0.02095
6.94444; -0.00004; -0.00009; -1.43854; 0.02012
6.94444; -0.00003; -0.00007; -1.41883; 0.01934
6.94444; -0.00002; -0.00005; -1.39987; 0.01860
6.94444; -0.00002; -0.00004; -1.38162; 0.01791
6.94444; -0.00001; -0.00003; -1.36403; 0.01727
6.94444; -0.00001; -0.00002; -1.34705; 0.01668
6.94444; -0.00001; -0.00002; -1.33065; 0.01613
6.94444; -0.00001; -0.00001; -1.31477; 0.01563
6.94444; -0.00000; -0.00001; -1.29937; 0.01517
6.94444; -0.00000; -0.00001; -1.28440; 0.01476
6.94444; -0.00000; -0.00001; -1.26983; 0.01439
6.94444; -0.00000; -0.00000; -1.25560; 0.01407
6.94444; -0.00000; -0.00000; -1.24167; 0.01379
6.94444; -0.00000; -0.00000; -1.22800; 0.01356
6.94444; -0.00000; -0.00000; -1.21454; 0.01337
6.94444; -0.00000; -0.00000; -1.20124; 0.01323
6.94444; -0.00000; -0.00000; -1.18807; 0.01313
6.94444; -0.00000; -0.00000; -1.17496; 0.01308
6.94444; -0.00000; -0.00000; -1.16189; 0.01307
6.94444; -0.00000; -0.00000; -1.14880; 0.01311
6.94444; -0.00000; -0.00000; -1.13565; 0.01320
6.94444; -0.00000; -0.00000; -1.12240; 0.01332
6.94444; -0.00000; -0.00000; -1.10899; 0.01350
6.94444; -0.00000; -0.00000; -1.09539; 0.01372
6.94444; -0.00000; -0.00000; -1.08155; 0.01398
6.94444; -0.00000; -0.00000; -1.06742; 0.01429
6.94444; -0.00000; -0.00000; -1.05296; 0.01465
6.94444; -0.00000; -0.00000; -1.03813; 0.01505
6.94444; -0.00000; -0.00000; -1.02287; 0.01549
6.94444; -0.00000; -0.00000; -1.00714; 0.01598
6.94444; -0.00000; -0.00000; -0.99090; 0.01652
6.94444; -0.00000; -0.00000; -0.97411; 0.01710
6.94444; -0.00000; -0.00000; -0.95671; 0.01772
6.94444; -0.00000; -0.00000; -0.93867; 0.01839
6.94444; -0.00000; -0.00000; -0.91993; 0.01911
6.94444; -0.00000; -0.00000; -0.90045; 0.01987
6.94444; -0.00000; -0.00000; -0.88019; 0.02068
6.94444; -0.00000; -0.00000; -0.85910; 0.02153
6.94444; -0.00000; -0.00000; -0.83714; 0.02243
6.94444; -0.00000; -0.00000; -0.81426; 0.02337
6.94444; -0.00000; -0.00000; -0.79042; 0.02436
6.94444; -0.00000; -0.00000; -0.76557; 0.02539
6.94444; -0.00000; -0.00000; -0.73966; 0.02646
6.94444; -0.00000; -0.00000; -0.71266; 0.02757
6.94444; -0.00000; -0.00000; -0.68454; 0.02870
6.94444; -0.00000; -0.00000; -0.65529; 0.02983
6.94444; -0.00000; -0.00000; -0.62491; 0.03094
6.94444; -0.00000; -0.00000; -0.59345; 0.03201
6.94444; -0.00000; -0.00000; -0.56093; 0.03304
6.94444; -0.00000; -0.00000; -0.52740; 0.03403
6.94444; -0.00000; -0.00000; -0.49290; 0.03497
6.94444; -0.00000; -0.00000; -0.45747; 0.03588
6.94444; -0.00000; -0.00000; -0.42115; 0.03675
6.94444; -0.00000; -0.00000; -0.38398; 0.03757
6.94444; -0.00000; -0.00000; -0.34600; 0.03836
6.94444; -0.00000; -0.00000; -0.30726; 0.03911
6.94444; -0.00000; -0.00000; -0.26779; 0.03981
6.94444; -0.00000; -0.00000; -0.22763; 0.04047
6.94444; -0.00000; -0.00000; -0.18682; 0.04110
6.94444; -0.00000; -0.00000; -0.14541; 0.04168
6.94444; -0.00000; -0.00000; -0.10343; 0.04222
6.94444; -0.00000; -0.00000; -0.06094; 0.04272
6.94444; -0.00000; -0.00000; -0.01796; 0.04318
6.94444; -0.00000; -0.00000; 0.02547; 0.04360
6.94444; -0.00000; -0.00000; 0.06929; 0.04398
6.94444; 0.00000; 0.00000; 0.11348; 0.04432
6.94444; 0.00000; 0.00000; 0.15798; 0.04462
6.94444; 0.00000; 0.00000; 0.20276; 0.04488
6.94444; 0.00000; 0.00000; 0.24778; 0.04509
6.94444; 0.00000; 0.00000; 0.29300; 0.04527
6.94444; 0.00000; 0.00000; 0.33838; 0.04541
6.94444; 0.00000; 0.00000; 0.38387; 0.04550
6.94444; 0.00000; 0.00000; 0.42943; 0.04556
6.94444; 0.00000; 0.00000; 0.47503; 0.04557
6.94444; 0.00000; 0.00000; 0.52062; 0.04555
6.94444; 0.00000; 0.00000; 0.56617; 0.04548
6.94444; 0.00000; 0.00000; 0.61163; 0.04537
6.94444; 0.00000; 0.00000; 0.65695; 0.04522
6.94444; 0.00000; 0.00000; 0.70211; 0.04504
6.94444; 0.00000; 0.00000; 0.74706; 0.04481
6.94444; 0.00000; 0.00000; 0.79176; 0.04454
6.94444; 0.00000; 0.00000; 0.83616; 0.04423
6.94444; 0.00000; 0.00000; 0.88023; 0.04388
6.94444; 0.00000; 0.00000; 0.92393; 0.04349
6.94444; 0.00000; 0.00000; 0.96722; 0.04306
6.94444; 0.00000; 0.00000; 1.01005; 0.04258
6.94444; 0.00000; 0.00000; 1.05238; 0.04207
6.94444; 0.00000; 0.00000; 1.09418; 0.04152
6.94444; 0.00000; 0.00000; 1.13540; 0.04093
6.94444; 0.00000; 0.00000; 1.17601; 0.04029
6.94444; 0.00000; 0.00000; 1.21595; 0.03962
6.94444; 0.00000; 0.00000; 1.25520; 0.03890
6.94444; 0.00000; 0.00000; 1.29371; 0.03815
6.94444; 0.00000; 0.00000; 1.33144; 0.03735
6.94444; 0.00000; 0.00000; 1.36835; 0.03651
6.94444; 0.00000; 0.00000; 1.40440; 0.03563
6.94444; 0.00000; 0.00000; 1.43955; 0.03472
6.94444; 0.00000; 0.00000; 1.47375; 0.03376
6.94444; 0.00000; 0.00000; 1.50698; 0.03276
6.94444; -0.00000; -0.00000; 1.53918; 0.03172
6.94444; -0.00000; -0.00000; 1.57032; 0.03064
6.94444; -0.00000; -0.00000; 1.60035; 0.02952
6.94444; -0.00000; -0.00000; 1.62925; 0.02836
6.94444; -0.00000; -0.00000; 1.65698; 0.02718
6.94444; -0.00000; -0.00000; 1.68352; 0.02600
6.94444; -0.00000; -0.00000; 1.70887; 0.02481
6.94444; -0.00000; -0.00000; 1.73305; 0.02363
6.94444; -0.00000; -0.00001; 1.75605; 0.02247
6.94444; -0.00000; -0.00001; 1.77790; 0.02132
6.94444; -0.00001; -0.00001; 1.79861; 0.02019
6.94444; -0.00001; -0.00001; 1.81819; 0.01906
6.94444; -0.00000; -0.00001; 1.83666; 0.01795
6.94444; 0.00021; 0.00041; 1.85415; 0.01689
6.94444; 0.00176; 0.00350; 1.87156; 0.01609
6.94444; 0.00290; 0.00576; 1.88973; 0.01569
6.94444; 0.00237; 0.00472; 1.90788; 0.01539
6.94444; 0.00182; 0.00363; 1.92513; 0.01495
6.94444; 0.00137; 0.00274; 1.94137; 0.01438
6.94444; 0.00103; 0.00205; 1.95660; 0.01371
6.94444; 0.00077; 0.00153; 1.97081; 0.01297
6.94444; 0.00057; 0.00114; 1.98404; 0.01218
6.94444; 0.00043; 0.00086; 1.99628; 0.01135
6.94444; 0.00032; 0.00064; 2.00756; 0.01050
6.94444; 0.00024; 0.00048; 2.01789; 0.00964
6.94444; 0.00018; 0.00036; 2.02728; 0.00877
6.94444; 0.00014; 0.00027; 2.03575; 0.00789
6.94444; 0.00010; 0.00021; 2.04332; 0.00703
6.94444; 0.00008; 0.00016; 2.04999; 0.00616
6.94444; 0.00006; 0.00012; 2.05578; 0.00531
6.94444; 0.00005; 0.00009; 2.06071; 0.00446
6.94444; 0.00004; 0.00008; 2.06478; 0.00362
6.94444; 0.00004; 0.00007; 2.06802; 0.00280
6.94444; 0.00003; 0.00006; 2.07044; 0.00198
6.94444; 0.00002; 0.00005; 2.07205; 0.00118
6.94444; 0.00002; 0.00004; 2.07286; 0.00040
6.94444; 0.00002; 0.00003; 2.07289; -0.00038
6.94444; 0.00001; 0.00003; 2.07214; -0.00114
6.94444; 0.00001; 0.00002; 2.07064; -0.00189
6.94444; 0.00001; 0.00002; 2.06839; -0.00263
6.94444; 0.00001; 0.00001; 2.06541; -0.00335
6.94444; 0.00001; 0.00001; 2.06171; -0.00406
6.94444; 0.00001; 0.00001; 2.05731; -0.00476
6.94444; 0.00000; 0.00001; 2.05222; -0.00544
6.94444; 0.00000; 0.00000; 2.04645; -0.00612
6.94444; -0.00000; -0.00001; 2.04001; -0.00677
6.94444; -0.00000; -0.00001; 2.03292; -0.00742
6.94444; 0.00012; 0.00023; 2.02525; -0.00803
6.94444; 0.00119; 0.00237; 2.01765; -0.00846
6.94444; 0.00197; 0.00391; 2.01068; -0.00861
6.94444; 0.00159; 0.00316; 2.00382; -0.00869
6.94444; 0.00121; 0.00240; 1.99645; -0.00887
6.94444; 0.00090; 0.00180; 1.98851; -0.00913
6.94444; 0.00067; 0.00134; 1.98002; -0.00946
6.94444; 0.00054; 0.00108; 1.97100; -0.00982
6.94444; 0.00044; 0.00088; 1.96149; -0.01020
6.94444; 0.00033; 0.00065; 1.95149; -0.01060
6.94444; 0.00023; 0.00047; 1.94098; -0.01101
6.94444; 0.00018; 0.00037; 1.92998; -0.01143
6.94444; 0.00062; 0.00123; 1.91877; -0.01178
6.94444; 0.00164; 0.00327; 1.90805; -0.01191
6.94444; 0.00686; 0.01363; 1.90069; -0.01113
6.94444; 0.01051; 0.02089; 1.89921; -0.00907
6.94444; 0.00863; 0.01717; 1.90088; -0.00679
6.94444; 0.00657; 0.01307; 1.90259; -0.00508
6.94444; 0.00494; 0.00983; 1.90385; -0.00395
6.94444; 0.00376; 0.00750; 1.90461; -0.00327
6.94444; 0.00326; 0.00650; 1.90506; -0.00288
6.94444; 0.00624; 0.01242; 1.90723; -0.00218
6.94444; 0.00808; 0.01608; 1.91284; -0.00086
6.94444; 0.00659; 0.01312; 1.92000; 0.00046
6.94444; 0.00505; 0.01007; 1.92672; 0.00129
6.94444; 0.00407; 0.00811; 1.93279; 0.00171
6.94444; 0.00475; 0.00946; 1.93905; 0.00203
6.94444; 0.00518; 0.01032; 1.94625; 0.00246
6.94444; 0.00416; 0.00830; 1.95353; 0.00274
6.94444; 0.00330; 0.00658; 1.96000; 0.00271
6.94444; 0.00336; 0.00669; 1.96592; 0.00250
6.94444; 0.00335; 0.00668; 1.97164; 0.00225
6.94444; 0.00265; 0.00528; 1.97669; 0.00184
6.94444; 0.00201; 0.00401; 1.98054; 0.00118
6.94444; 0.00151; 0.00301; 1.98306; 0.00031
6.94444; 0.00113; 0.00225; 1.98417; -0.00074
6.94444; 0.00084; 0.00167; 1.98382; -0.00194
6.94444; 0.00062; 0.00124; 1.98195; -0.00327
6.94444; 0.00046; 0.00092; 1.97852; -0.00471
6.94444; 0.00034; 0.00068; 1.97346; -0.00625
6.94444; 0.00025; 0.00050; 1.96672; -0.00787
6.94444; 0.00018; 0.00035; 1.95826; -0.00956
6.94444; 0.00012; 0.00024; 1.94800; -0.01133
6.94444; 0.00007; 0.00015; 1.93589; -0.01317
6.94444; 0.00007; 0.00014; 1.92190; -0.01507
6.94444; 0.00065; 0.00130; 1.90630; -0.01694
6.94444; 0.00444; 0.00883; 1.89125; -0.01824
6.94444; 0.00727; 0.01445; 1.87867; -0.01865
6.94444; 0.00656; 0.01305; 1.86691; -0.01882
6.94444; 0.00884; 0.01759; 1.85580; -0.01881
6.94444; 0.01030; 0.02048; 1.84681; -0.01833
6.94444; 0.00835; 0.01662; 1.83806; -0.01798
6.94444; 0.00697; 0.01387; 1.82772; -0.01815
6.94444; 0.00945; 0.01881; 1.81775; -0.01822
6.94444; 0.01597; 0.03176; 1.81274; -0.01705
6.94444; 0.01754; 0.03487; 1.81354; -0.01480
6.94444; 0.01399; 0.02783; 1.81553; -0.01289
6.94444; 0.01098; 0.02184; 1.81565; -0.01196
6.94444; 0.01090; 0.02168; 1.81485; -0.01153
6.94444; 0.01071; 0.02131; 1.81430; -0.01119
6.94444; 0.00860; 0.01711; 1.81278; -0.01124
6.94444; 0.00805; 0.01602; 1.80965; -0.01172
6.94444; 0.01946; 0.03868; 1.81197; -0.01069
6.94444; 0.02663; 0.05290; 1.82593; -0.00708
6.94444; 0.02187; 0.04342; 1.84504; -0.00320
6.94444; 0.01791; 0.03556; 1.86299; -0.00062
6.94444; 0.02187; 0.04343; 1.88336; 0.00193
6.94444; 0.02464; 0.04891; 1.91006; 0.00537
6.94444; 0.02126; 0.04219; 1.93991; 0.00866
6.94444; 0.01764; 0.03501; 1.96903; 0.01089
6.94444; 0.01349; 0.02679; 1.99593; 0.01197
6.94444; 0.01038; 0.02064; 2.01974; 0.01197
6.94444; 0.00934; 0.01856; 2.04112; 0.01133
6.94444; 0.00846; 0.01684; 2.06075; 0.01037
6.94444; 0.00657; 0.01308; 2.07786; 0.00899
6.94444; 0.00496; 0.00988; 2.09160; 0.00711
6.94444; 0.00373; 0.00743; 2.10188; 0.00488
6.94444; 0.00280; 0.00558; 2.10875; 0.00242
6.94444; 0.00210; 0.00419; 2.11230; -0.00016
6.94444; 0.00157; 0.00314; 2.11265; -0.00280
6.94444; 0.00118; 0.00235; 2.10991; -0.00546
6.94444; 0.00088; 0.00175; 2.10418; -0.00810
6.94444; 0.00065; 0.00131; 2.09559; -0.01071
6.94444; 0.00049; 0.00097; 2.08423; -0.01326
6.94444; 0.00036; 0.00072; 2.07023; -0.01573
6.94444; 0.00027; 0.00054; 2.05370; -0.01812
6.94444; 0.00020; 0.00040; 2.03474; -0.02043
6.94444; 0.00015; 0.00030; 2.01347; -0.02264
6.94444; 0.00011; 0.00023; 1.99000; -0.02474
6.94444; 0.00008; 0.00017; 1.96444; -0.02675
6.94444; 0.00006; 0.00013; 1.93690; -0.02865
6.94444; 0.00005; 0.00009; 1.90749; -0.03045
6.94444; 0.00004; 0.00007; 1.87632; -0.03213
6.94444; 0.00003; 0.00005; 1.84351; -0.03371
6.94444; 0.00002; 0.00004; 1.80916; -0.03518
6.94444; 0.00002; 0.00003; 1.77338; -0.03654
6.94444; 0.00001; 0.00002; 1.73629; -0.03778
6.94444; 0.00001; 0.00002; 1.69799; -0.03892
6.94444; 0.00001; 0.00001; 1.65860; -0.03995
6.94444; 0.00001; 0.00001; 1.61823; -0.04087
6.94444; 0.00000; 0.00001; 1.57698; -0.04167
6.94444; 0.00000; 0.00001; 1.53498; -0.04237
6.94444; 0.00000; 0.00000; 1.49233; -0.04295
6.94444; 0.00000; 0.00000; 1.44913; -0.04343
6.94444; 0.00000; 0.00000; 1.40551; -0.04380
6.94444; 0.00000; 0.00000; 1.36155; -0.04409
6.94444; 0.00000; 0.00000; 1.31733; -0.04432
6.94444; 0.00000; 0.00000; 1.27290; -0.04450
6.94444; 0.00000; 0.00000; 1.22831; -0.04464
6.94444; 0.00000; 0.00000; 1.18359; -0.04475
6.94444; 0.00000; 0.00000; 1.13877; -0.04483
6.94444; 0.00000; 0.00000; 1.09390; -0.04487
6.94444; 0.00000; 0.00000; 1.04899; -0.04488
6.94444; 0.00000; 0.00000; 1.00409; -0.04486
6.94444; 0.00000; 0.00000; 0.95922; -0.04480
6.94444; 0.00000; 0.00000; 0.91443; -0.04471
6.94444; 0.00000; 0.00000; 0.86975; -0.04459
6.94444; 0.00000; 0.00000; 0.82520; -0.04443
6.94444; 0.00000; 0.00000; 0.78083; -0.04424
6.94444; 0.00000; 0.00000; 0.73666; -0.04402
6.94444; 0.00000; 0.00000; 0.69273; -0.04376
6.94444; 0.00000; 0.00000; 0.64907; -0.04347
6.94444; 0.00000; 0.00000; 0.60573; -0.04315
6.94444; 0.00000; 0.00000; 0.56272; -0.04279
6.94444; 0.00000; 0.00000; 0.52008; -0.04240
6.94444; 0.00000; 0.00000; 0.47785; -0.04198
6.94444; 0.00000; 0.00000; 0.43606; -0.04153
6.94444; 0.00000; 0.00000; 0.39475; -0.04104
6.94444; 0.00000; 0.00000; 0.35394; -0.04052
6.94444; 0.00000; 0.00000; 0.31367; -0.03996
6.94444; 0.00000; 0.00000; 0.27397; -0.03937
6.94444; 0.00000; 0.00000; 0.23488; -0.03875
6.94444; 0.00000; 0.00000; 0.19643; -0.03810
6.94444; 0.00000; 0.00000; 0.15865; -0.03740
6.94444; 0.00000; 0.00000; 0.12161; -0.03664
6.94444; 0.00000; 0.00000; 0.08536; -0.03580
6.94444; 0.00000; 0.00000; 0.05000; -0.03487
6.94444; -0.00000; -0.00000; 0.01562; -0.03384
6.94444; -0.00000; -0.00000; -0.01767; -0.03269
6.94444; -0.00000; -0.00000; -0.04975; -0.03144
6.94444; -0.00000; -0.00000; -0.08053; -0.03008
6.94444; -0.00000; -0.00000; -0.10989; -0.02862
6.94444; -0.00000; -0.00000; -0.13773; -0.02704
6.94444; -0.00000; -0.00000; -0.16394; -0.02536
6.94444; -0.00000; -0.00000; -0.18842; -0.02357
6.94444; -0.00000; -0.00000; -0.21105; -0.02167
6.94444; -0.00000; -0.00000; -0.23172; -0.01967
6.94444; -0.00000; -0.00000; -0.25033; -0.01756
6.94444; -0.00000; -0.00000; -0.26678; -0.01533
6.94444; -0.00000; -0.00000; -0.28095; -0.01300
6.94444; -0.00000; -0.00000; -0.29273; -0.01056
6.94444; -0.00000; -0.00000; -0.30203; -0.00801
6.94444; -0.00000; -0.00000; -0.30872; -0.00536
6.94444; -0.00000; -0.00000; -0.31270; -0.00259
6.94444; -0.00000; -0.00000; -0.31386; 0.00029
6.94444; -0.00000; -0.00001; -0.31209; 0.00327
6.94444; -0.00000; -0.00001; -0.30728; 0.00637
6.94444; -0.00001; -0.00001; -0.29933; 0.00958
6.94444; -0.00001; -0.00001; -0.28812; 0.01289
6.94444; -0.00001; -0.00002; -0.27354; 0.01632
6.94444; -0.00001; -0.00002; -0.25548; 0.01986
6.94444; -0.00002; -0.00003; -0.23384; 0.02351
6.94444; -0.00002; -0.00004; -0.20850; 0.02727
6.94444; -0.00003; -0.00006; -0.17934; 0.03113
6.94444; -0.00004; -0.00008; -0.14628; 0.03511
6.94444; -0.00005; -0.00011; -0.10918; 0.03920
6.94444; -0.00007; -0.00014; -0.06795; 0.04339
6.94444; -0.00010; -0.00019; -0.02247; 0.04769
6.94444; -0.00013; -0.00026; 0.02734; 0.05210
6.94444; -0.00017; -0.00035; 0.08160; 0.05660
6.94444; -0.00023; -0.00046; 0.14039; 0.06121
6.94444; -0.00031; -0.00062; 0.20380; 0.06591
6.94444; -0.00042; -0.00084; 0.27191; 0.07069
6.94444; -0.00057; -0.00113; 0.34477; 0.07555
6.94444; -0.00076; -0.00152; 0.42241; 0.08047
6.94444; -0.00103; -0.00204; 0.50485; 0.08544
6.94444; -0.00138; -0.00274; 0.59206; 0.09043
6.94444; -0.00185; -0.00369; 0.68394; 0.09542
6.94444; -0.00249; -0.00496; 0.78034; 0.10035
6.94444; -0.00335; -0.00667; 0.88099; 0.10518
6.94444; -0.00450; -0.00896; 0.98552; 0.10983
6.94444; -0.00604; -0.01201; 1.09335; 0.11420
6.94444; -0.00807; -0.01605; 1.20370; 0.11816
6.94444; -0.01074; -0.02135; 1.31549; 0.12155
6.94444; -0.01420; -0.02824; 1.42732; 0.12415
6.94444; -0.01862; -0.03700; 1.53737; 0.12571
6.94444; -0.02409; -0.04785; 1.64339; 0.12594
6.94444; -0.03063; -0.06079; 1.74279; 0.12454
6.94444; -0.03815; -0.07560; 1.83269; 0.12121
6.94444; -0.04642; -0.09179; 1.91012; 0.11572
6.94444; -0.05515; -0.10871; 1.97219; 0.10791
6.94444; -0.06393; -0.12551; 2.01621; 0.09767
6.94444; -0.07939; -0.15507; 2.03594; 0.08398
6.94444; -0.06847; -0.13282; 2.03852; 0.06962
6.94444; -0.08349; -0.16172; 2.02473; 0.05449
6.94444; -0.08743; -0.16823; 1.98433; 0.03648
6.94444; -0.07418; -0.14196; 1.93046; 0.01953
6.94444; -0.07447; -0.14250; 1.86729; 0.00416
6.94444; -0.10392; -0.19952; 1.77203; -0.01539
6.94444; -0.12787; -0.24273; 1.62546; -0.04086
6.94444; -0.12399; -0.23112; 1.44096; -0.06446
6.94444; -0.14740; -0.27222; 1.22253; -0.08299
6.94444; -0.18345; -0.33309; 0.95138; -0.09909
6.94444; -0.21885; -0.38549; 0.62337; -0.11171
6.94444; -0.25204; -0.42720; 0.24795; -0.11794
6.94444; -0.26249; -0.42544; -0.14560; -0.11245
6.94444; -0.26918; -0.42125; -0.52202; -0.09255
6.94444; -0.27559; -0.42010; -0.86385; -0.06114
6.94444; -0.28126; -0.41947; -1.16321; -0.02182
6.94444; -0.28553; -0.41732; -1.41676; 0.02327
6.94444; -0.28904; -0.41506; -1.62239; 0.07430
6.94444; -0.29198; -0.41295; -1.77729; 0.13319
6.80173; -0.30002; -0.40879; -1.87998; 0.20179
6.56091; -0.31116; -0.40347; -1.93010; 0.28018
6.31673; -0.32046; -0.39822; -1.92547; 0.36479
6.06055; -0.32795; -0.39281; -1.86326; 0.44797
5.78124; -0.33336; -0.38693; -1.74215; 0.52023
5.46744; -0.33582; -0.38027; -1.56451; 0.57345
5.48372; -0.31406; -0.37893; -1.32893; 0.60508
5.58492; -0.28914; -0.37757; -1.03669; 0.61788
5.71723; -0.26622; -0.37492; -0.70241; 0.61568
5.87691; -0.24614; -0.37081; -0.34338; 0.60227
6.05801; -0.22920; -0.36528; 0.02433; 0.58084
6.25389; -0.21529; -0.35850; 0.38701; 0.55362
6.45841; -0.20401; -0.35077; 0.73341; 0.52194
6.66647; -0.19487; -0.34239; 1.05430; 0.48637
6.87417; -0.18739; -0.33362; 1.34211; 0.44706
6.94444; -0.18383; -0.32285; 1.58906; 0.40367
6.94444; -0.18095; -0.31116; 1.78895; 0.35593
6.94444; -0.17671; -0.29941; 1.93966; 0.30465
6.94444; -0.17124; -0.28736; 2.04172; 0.25148
6.94444; -0.16461; -0.27474; 2.09696; 0.19831
6.94444; -0.15681; -0.26128; 2.10818; 0.14686
6.94444; -0.14783; -0.24668; 2.07882; 0.09818
6.94444; -0.13760; -0.23062; 2.01267; 0.05267
6.94444; -0.12607; -0.21276; 1.91380; 0.01055
6.94444; -0.11315; -0.19268; 1.78662; -0.02798
6.94444; -0.09875; -0.16992; 1.63596; -0.06270
6.94444; -0.08274; -0.14392; 1.46717; -0.09335
6.94444; -0.06499; -0.11406; 1.28619; -0.11953
6.94444; -0.04535; -0.07967; 1.09971; -0.14069
6.94444; -0.02367; -0.04019; 0.91527; -0.15611
6.94444; 0.00024; 0.00483; 0.74139; -0.16500
6.94444; 0.02654; 0.05551; 0.58755; -0.16655
6.94444; 0.05536; 0.11149; 0.46402; -0.16002
6.94444; 0.08667; 0.17160; 0.38169; -0.14475
6.94444; 0.11958; 0.23253; 0.35138; -0.12041
6.94444; 0.12408; 0.23615; 0.36743; -0.09106
6.94444; 0.11560; 0.21661; 0.41083; -0.06244
6.94444; 0.10431; 0.19401; 0.47171; -0.03647
6.94444; 0.09111; 0.16908; 0.54483; -0.01362
6.94444; 0.07598; 0.14120; 0.62488; 0.00559
6.94444; 0.05886; 0.10972; 0.70593; 0.02054
6.94444; 0.03968; 0.07400; 0.78132; 0.03053
6.94444; 0.02254; 0.04152; 0.84577; 0.03539
6.94444; 0.01781; 0.03312; 0.90214; 0.03708
6.94444; 0.01367; 0.02560; 0.95507; 0.03743
6.94444; 0.01043; 0.01964; 1.00404; 0.03661
6.94444; 0.00793; 0.01503; 1.04883; 0.03483
6.94444; 0.00603; 0.01147; 1.08924; 0.03228
6.94444; 0.00457; 0.00874; 1.12507; 0.02907
6.94444; 0.00347; 0.00666; 1.15616; 0.02532
6.94444; 0.00263; 0.00506; 1.18230; 0.02111
6.94444; 0.00199; 0.00384; 1.20331; 0.01650
6.94444; 0.00150; 0.00291; 1.21899; 0.01154
6.94444; 0.00113; 0.00220; 1.22916; 0.00625
6.94444; 0.00085; 0.00165; 1.23360; 0.00068
6.94444; 0.00063; 0.00124; 1.23214; -0.00516
6.94444; 0.00047; 0.00093; 1.22457; -0.01125
6.94444; 0.00035; 0.00069; 1.21070; -0.01758
6.94444; 0.00026; 0.00051; 1.19033; -0.02414
6.94444; 0.00019; 0.00037; 1.16325; -0.03092
6.94444; 0.00013; 0.00026; 1.12927; -0.03792
6.94444; 0.00009; 0.00018; 1.08818; -0.04514
6.94444; 0.00005; 0.00010; 1.03977; -0.05256
6.94444; 0.00002; 0.00004; 0.98382; -0.06019
6.94444; -0.00001; -0.00002; 0.92013; -0.06803
6.94444; -0.00004; -0.00009; 0.84846; -0.07607
6.94444; -0.00008; -0.00016; 0.76858; -0.08431
6.94444; -0.00012; -0.00024; 0.68029; -0.09269
6.94444; -0.00018; -0.00035; 0.58349; -0.10098
6.94444; -0.00024; -0.00049; 0.47837; -0.10882
6.94444; -0.00034; -0.00067; 0.36553; -0.11580
6.94444; -0.00046; -0.00091; 0.24596; -0.12160
6.94444; -0.00062; -0.00123; 0.12095; -0.12603
6.94444; -0.00083; -0.00166; -0.00813; -0.12906
6.94444; -0.00113; -0.00224; -0.13988; -0.13072
6.94444; -0.00152; -0.00301; -0.27296; -0.13103
6.94444; -0.00204; -0.00406; -0.40609; -0.13003
6.94444; -0.00274; -0.00545; -0.53806; -0.12777
6.94444; -0.00368; -0.00732; -0.66779; -0.12431
6.94444; -0.00493; -0.00980; -0.79434; -0.11973
6.94444; -0.00658; -0.01308; -0.91696; -0.11412
6.94444; -0.00874; -0.01739; -1.03513; -0.10762
6.94444; -0.01156; -0.02298; -1.14844; -0.10008
6.94444; -0.01517; -0.03016; -1.25611; -0.09067
6.94444; -0.01976; -0.03927; -1.35625; -0.07792
6.94444; -0.02594; -0.05153; -1.44580; -0.06014
6.94444; -0.04177; -0.08281; -1.52488; -0.03699
6.94444; -0.06959; -0.13734; -1.59906; -0.00990
6.94444; -0.09903; -0.19362; -1.67181; 0.02016
6.94444; -0.12949; -0.24942; -1.74165; 0.05291
6.94444; -0.16019; -0.30222; -1.80783; 0.08629
6.94444; -0.17791; -0.32685; -1.86594; 0.11812
6.94444; -0.17966; -0.32120; -1.90582; 0.14726
6.94444; -0.17741; -0.31065; -1.92208; 0.17191
6.94444; -0.17419; -0.30068; -1.91686; 0.19051
6.94444; -0.16984; -0.29017; -1.89411; 0.20312
6.94444; -0.16437; -0.27892; -1.85739; 0.21073
6.94444; -0.15775; -0.26676; -1.80934; 0.21486
6.94444; -0.14998; -0.25350; -1.75122; 0.21740
6.94444; -0.14104; -0.23893; -1.68255; 0.22017
6.94444; -0.13090; -0.22279; -1.60129; 0.22465
6.94444; -0.11963; -0.20466; -1.50416; 0.23166
6.94444; -0.11464; -0.19826; -1.39101; 0.24063
6.94444; -0.13610; -0.24161; -1.27730; 0.24723
6.94444; -0.16725; -0.29899; -1.18522; 0.24709
6.94444; -0.17175; -0.30156; -1.11280; 0.24298
6.94444; -0.16762; -0.28962; -1.04425; 0.23951
6.94444; -0.16193; -0.27740; -0.97337; 0.23758
6.94444; -0.15537; -0.26430; -0.89746; 0.23718
6.94444; -0.15758; -0.26814; -0.81911; 0.23711
6.94444; -0.18779; -0.32314; -0.75804; 0.23249
6.94444; -0.21756; -0.37054; -0.73444; 0.22037
6.94444; -0.24591; -0.40940; -0.75405; 0.20214
6.94444; -0.25425; -0.40902; -0.81068; 0.18180
6.94444; -0.25869; -0.40438; -0.89241; 0.16313
6.94444; -0.26309; -0.40245; -0.99477; 0.14721
6.94444; -0.26698; -0.40090; -1.11410; 0.13480
6.94444; -0.27044; -0.39968; -1.24560; 0.12681
6.94444; -0.27331; -0.39825; -1.38349; 0.12425
6.94444; -0.27526; -0.39567; -1.52082; 0.12832
6.94444; -0.27662; -0.39289; -1.64976; 0.14024
6.94444; -0.27752; -0.39014; -1.76222; 0.16113
6.94444; -0.27803; -0.38748; -1.85013; 0.19189
6.82261; -0.28260; -0.38302; -1.90788; 0.23270
6.56366; -0.29166; -0.37704; -1.93262; 0.28276
6.29978; -0.29855; -0.37110; -1.92006; 0.34053
6.14382; -0.29748; -0.36663; -1.86178; 0.40299
5.98211; -0.29446; -0.36184; -1.75050; 0.46401
5.81046; -0.28902; -0.35645; -1.58342; 0.51567
5.91950; -0.26881; -0.35463; -1.35602; 0.55218
6.05440; -0.24996; -0.35164; -1.07098; 0.57133
6.21319; -0.23300; -0.34735; -0.74432; 0.57407
6.39123; -0.21826; -0.34177; -0.39519; 0.56361
6.58284; -0.20578; -0.33505; -0.04170; 0.54309
6.78253; -0.19532; -0.32744; 0.30097; 0.51506
6.94444; -0.18740; -0.31860; 0.62089; 0.48174
6.94444; -0.18347; -0.30710; 0.90854; 0.44487
6.94444; -0.17821; -0.29527; 1.15972; 0.40600
6.94444; -0.17172; -0.28291; 1.37507; 0.36658
6.94444; -0.16406; -0.26980; 1.55628; 0.32731
6.94444; -0.15526; -0.25573; 1.70526; 0.28836
6.94444; -0.14534; -0.24046; 1.82389; 0.24979
6.94444; -0.13428; -0.22373; 1.91412; 0.21169
6.94444; -0.12206; -0.20521; 1.97796; 0.17421
6.94444; -0.10863; -0.18456; 2.01758; 0.13749
6.94444; -0.09391; -0.16136; 2.03532; 0.10175
6.94444; -0.07780; -0.13514; 2.03378; 0.06726
6.94444; -0.06019; -0.10535; 2.01593; 0.03439
6.94444; -0.04095; -0.07146; 1.98517; 0.00353
6.94444; -0.01994; -0.03303; 1.94539; -0.02483
6.94444; 0.00301; 0.01028; 1.90105; -0.05023
6.94444; 0.02804; 0.05854; 1.85718; -0.07216
6.94444; 0.05527; 0.11139; 1.81930; -0.09016
6.94444; 0.08464; 0.16780; 1.79329; -0.10391
6.94444; 0.11585; 0.22587; 1.78502; -0.11324
6.94444; 0.14817; 0.28281; 1.79986; -0.11797
6.94444; 0.16173; 0.30057; 1.83323; -0.11989
6.94444; 0.16016; 0.29041; 1.87046; -0.12179
6.94444; 0.15525; 0.27677; 1.90283; -0.12377
6.94444; 0.14892; 0.26244; 1.92882; -0.12439
6.94444; 0.14118; 0.24711; 1.94882; -0.12286
6.94444; 0.13204; 0.23047; 1.96352; -0.11910
6.94444; 0.12146; 0.21219; 1.97351; -0.11334
6.94444; 0.10939; 0.19185; 1.97908; -0.10590
6.94444; 0.09575; 0.16899; 1.98011; -0.09721
6.94444; 0.08043; 0.14304; 1.97592; -0.08778
6.94444; 0.06330; 0.11332; 1.96514; -0.07824
6.94444; 0.04442; 0.07955; 1.94567; -0.06925
6.94444; 0.03462; 0.06256; 1.92042; -0.06009
6.94444; 0.02696; 0.04918; 1.89618; -0.04934
6.94444; 0.02068; 0.03805; 1.87648; -0.03692
6.94444; 0.01577; 0.02925; 1.86422; -0.02352
6.94444; 0.01198; 0.02237; 1.86115; -0.01035
6.94444; 0.00907; 0.01704; 1.86737; 0.00121
6.94444; 0.00684; 0.01293; 1.88137; 0.01003
6.94444; 0.00514; 0.00977; 1.90057; 0.01557
6.94444; 0.00385; 0.00734; 1.92205; 0.01780
6.94444; 0.00287; 0.00550; 1.94290; 0.01681
6.94444; 0.00226; 0.00434; 1.96029; 0.01265
6.94444; 0.00295; 0.00577; 1.97205; 0.00555
6.94444; 0.01362; 0.02700; 1.98148; -0.00295
6.94444; 0.02102; 0.04171; 1.99120; -0.01196
6.94444; 0.01985; 0.03939; 1.99423; -0.02321
6.94444; 0.02852; 0.05660; 1.98889; -0.03650
6.94444; 0.03556; 0.07050; 1.97806; -0.05048
6.94444; 0.04648; 0.09196; 1.96252; -0.06412
6.94444; 0.05537; 0.10921; 1.94421; -0.07603
6.94444; 0.07294; 0.14322; 1.92870; -0.08407
6.94444; 0.08109; 0.15806; 1.92013; -0.08737
6.94444; 0.07537; 0.14585; 1.91079; -0.08859
6.94444; 0.09636; 0.18603; 1.90895; -0.08581
6.94444; 0.10007; 0.19131; 1.92456; -0.07788
6.94444; 0.08904; 0.16887; 1.94516; -0.06914
6.94444; 0.07462; 0.14135; 1.96133; -0.06191
6.94444; 0.05819; 0.11038; 1.96855; -0.05685
6.94444; 0.03986; 0.07565; 1.96244; -0.05452
6.94444; 0.03006; 0.05716; 1.94345; -0.05416
6.94444; 0.02329; 0.04446; 1.91630; -0.05419
6.94444; 0.01777; 0.03404; 1.88298; -0.05409
6.94444; 0.01349; 0.02594; 1.84493; -0.05368
6.94444; 0.01022; 0.01971; 1.80354; -0.05313
6.94444; 0.00773; 0.01495; 1.75969; -0.05285
6.94444; 0.00583; 0.01132; 1.71360; -0.05336
6.94444; 0.00440; 0.00857; 1.66481; -0.05511
6.94444; 0.00332; 0.00648; 1.61242; -0.05825
6.94444; 0.00251; 0.00490; 1.55535; -0.06277
6.94444; 0.00189; 0.00371; 1.49250; -0.06861
6.94444; 0.00142; 0.00280; 1.42276; -0.07571
6.94444; 0.00107; 0.00210; 1.34501; -0.08404
6.94444; 0.00080; 0.00158; 1.25813; -0.09356
6.94444; 0.00060; 0.00118; 1.16101; -0.10423
6.94444; 0.00045; 0.00089; 1.05252; -0.11602
6.94444; 0.00034; 0.00067; 0.93152; -0.12887
6.94444; 0.00025; 0.00050; 0.79695; -0.14248
6.94444; 0.00019; 0.00038; 0.64825; -0.15596
6.94444; 0.00014; 0.00029; 0.48593; -0.16806
6.94444; 0.00011; 0.00022; 0.31194; -0.17746
6.94444; 0.00009; 0.00017; 0.12967; -0.18309
6.94444; 0.00007; 0.00014; -0.05648; -0.18445
6.94444; 0.00006; 0.00012; -0.24171; -0.18143
6.94444; 0.00005; 0.00011; -0.42118; -0.17397
6.94444; 0.00005; 0.00011; -0.58998; -0.16180
6.94444; 0.00006; 0.00011; -0.74281; -0.14418
6.94444; 0.00007; 0.00013; -0.87364; -0.12005
6.94444; 0.00008; 0.00016; -0.97570; -0.08820
6.94444; 0.00010; 0.00020; -1.04162; -0.04763
6.94444; 0.00013; 0.00026; -1.06382; 0.00220
6.94444; 0.00017; 0.00033; -1.03470; 0.06109
6.94444; 0.00022; 0.00043; -0.94677; 0.12692
6.94444; 0.00029; 0.00057; -0.79380; 0.19425
6.94444; 0.00039; 0.00077; -0.57335; 0.25560
6.94444; 0.00052; 0.00104; -0.29018; 0.30378
6.94444; 0.00071; 0.00141; 0.04095; 0.33367
6.94444; 0.00097; 0.00193; 0.39638; 0.34334
6.94444; 0.00132; 0.00263; 0.74861; 0.33264
6.94444; 0.00178; 0.00355; 1.07058; 0.30129
6.94444; 0.00249; 0.00495; 1.33947; 0.24988
6.94444; 0.00456; 0.00907; 1.54173; 0.18211
6.94444; 0.02039; 0.04048; 1.67982; 0.10613
6.94444; 0.04406; 0.08728; 1.76640; 0.03179
6.94444; 0.06967; 0.13744; 1.81354; -0.03340
6.94444; 0.09744; 0.19060; 1.83319; -0.08568
6.94444; 0.12718; 0.24525; 1.83859; -0.12401
6.94444; 0.15818; 0.29886; 1.84323; -0.14856
6.94444; 0.16517; 0.30370; 1.84805; -0.16311
6.94444; 0.16256; 0.29215; 1.84428; -0.17248
6.94444; 0.15771; 0.27894; 1.83008; -0.17836
6.94444; 0.15146; 0.26499; 1.80654; -0.18123
6.94444; 0.14382; 0.25003; 1.77489; -0.18131
6.94444; 0.13478; 0.23377; 1.73620; -0.17883
6.94444; 0.12432; 0.21588; 1.69131; -0.17409
6.94444; 0.11238; 0.19596; 1.64074; -0.16750
6.94444; 0.09889; 0.17357; 1.58452; -0.15953
6.94444; 0.08375; 0.14817; 1.52209; -0.15075
6.94444; 0.06682; 0.11910; 1.45222; -0.14179
6.94444; 0.04794; 0.08568; 1.37282; -0.13335
6.94444; 0.02694; 0.04724; 1.28084; -0.12623
6.94444; 0.00566; 0.00712; 1.17323; -0.12106
6.94444; 0.00502; 0.00714; 1.05900; -0.11535
6.94444; 0.00414; 0.00628; 0.95105; -0.10689
6.94444; 0.00332; 0.00526; 0.85171; -0.09676
6.94444; 0.00264; 0.00431; 0.76233; -0.08603
6.94444; 0.00207; 0.00348; 0.68320; -0.07555
6.94444; 0.00162; 0.00278; 0.61394; -0.06572
6.94444; 0.00126; 0.00220; 0.55388; -0.05662
6.94444; 0.00097; 0.00172; 0.50236; -0.04824
6.94444; 0.00074; 0.00134; 0.45867; -0.04059
6.94444; 0.00057; 0.00104; 0.42213; -0.03367
6.94444; 0.00044; 0.00080; 0.39205; -0.02746
6.94444; 0.00033; 0.00061; 0.36772; -0.02197
6.94444; 0.00025; 0.00047; 0.34845; -0.01720
6.94444; 0.00019; 0.00036; 0.33354; -0.01314
6.94444; 0.00015; 0.00027; 0.32229; -0.00977
6.94444; 0.00011; 0.00021; 0.31408; -0.00698
6.94444; 0.00008; 0.00016; 0.30839; -0.00465
6.94444; 0.00006; 0.00012; 0.30484; -0.00263
6.94444; 0.00005; 0.00009; 0.30318; -0.00081
6.94444; 0.00004; 0.00007; 0.30326; 0.00086
6.94444; 0.00003; 0.00005; 0.30493; 0.00239
6.94444; 0.00002; 0.00004; 0.30805; 0.00379
6.94444; 0.00002; 0.00003; 0.31250; 0.00505
6.94444; 0.00001; 0.00002; 0.31814; 0.00617
6.94444; 0.00001; 0.00002; 0.32483; 0.00717
6.94444; 0.00001; 0.00001; 0.33245; 0.00802
6.94444; 0.00000; 0.00001; 0.34085; 0.00875
6.94444; 0.00000; 0.00001; 0.34992; 0.00934
6.94444; 0.00000; 0.00001; 0.35950; 0.00980
6.94444; 0.00000; 0.00000; 0.36948; 0.01013
6.94444; 0.00000; 0.00000; 0.37972; 0.01032
6.94444; 0.00000; 0.00000; 0.39009; 0.01039
6.94444; 0.00000; 0.00000; 0.40046; 0.01032
6.94444; 0.00000; 0.00000; 0.41069; 0.01012
6.94444; 0.00000; 0.00000; 0.42065; 0.00979
6.94444; 0.00000; 0.00000; 0.43021; 0.00932
6.94444; 0.00000; 0.00000; 0.43925; 0.00873
6.94444; 0.00000; 0.00000; 0.44762; 0.00800
6.94444; 0.00000; 0.00000; 0.45520; 0.00714
6.94444; 0.00000; 0.00000; 0.46186; 0.00615
6.94444; 0.00000; 0.00000; 0.46746; 0.00503
6.94444; 0.00000; 0.00000; 0.47188; 0.00378
6.94444; 0.00000; 0.00000; 0.47497; 0.00239
6.94444; 0.00000; 0.00000; 0.47662; 0.00088
6.94444; 0.00000; 0.00000; 0.47669; -0.00075
6.94444; 0.00000; 0.00000; 0.47510; -0.00244
6.94444; 0.00000; 0.00000; 0.47182; -0.00412
6.94444; 0.00000; 0.00000; 0.46689; -0.00572
6.94444; 0.00000; 0.00000; 0.46042; -0.00719
6.94444; 0.00000; 0.00000; 0.45258; -0.00848
6.94444; 0.00000; 0.00000; 0.44353; -0.00961
6.94444; 0.00000; 0.00000; 0.43343; -0.01056
6.94444; 0.00000; 0.00000; 0.42247; -0.01134
6.94444; 0.00000; 0.00000; 0.41082; -0.01195
6.94444; 0.00000; 0.00000; 0.39864; -0.01239
6.94444; 0.00000; 0.00000; 0.38610; -0.01265
6.94444; 0.00000; 0.00000; 0.37338; -0.01275
6.94444; 0.00000; 0.00000; 0.36066; -0.01267
6.94444; 0.00000; 0.00000; 0.34809; -0.01242
6.94444; 0.00000; 0.00000; 0.33586; -0.01200
6.94444; 0.00000; 0.00000; 0.32414; -0.01141
6.94444; 0.00000; 0.00000; 0.31310; -0.01064
6.94444; 0.00000; 0.00000; 0.30290; -0.00971
6.94444; 0.00000; 0.00000; 0.29373; -0.00860
6.94444; 0.00000; 0.00000; 0.28576; -0.00732
6.94444; 0.00000; 0.00000; 0.27915; -0.00586
6.94444; 0.00000; 0.00000; 0.27408; -0.00424
6.94444; 0.00000; 0.00000; 0.27073; -0.00244
6.94444; 0.00000; 0.00000; 0.26926; -0.00047
6.94444; 0.00000; 0.00000; 0.26985; 0.00167
6.94444; 0.00000; 0.00000; 0.27267; 0.00399
6.94444; 0.00000; 0.00000; 0.27789; 0.00648
6.94444; 0.00000; 0.00000; 0.28568; 0.00913
6.94444; 0.00000; 0.00000; 0.29622; 0.01194
6.94444; 0.00000; 0.00000; 0.30962; 0.01485
6.94444; 0.00000; 0.00000; 0.32595; 0.01778
6.94444; 0.00000; 0.00000; 0.34520; 0.02067
6.94444; 0.00000; 0.00000; 0.36729; 0.02345
6.94444; 0.00000; 0.00000; 0.39210; 0.02610
6.94444; 0.00000; 0.00000; 0.41950; 0.02861
6.94444; 0.00000; 0.00000; 0.44935; 0.03099
6.94444; 0.00000; 0.00000; 0.48152; 0.03323
6.94444; 0.00000; 0.00000; 0.51586; 0.03534
6.94444; 0.00000; 0.00000; 0.55226; 0.03731
6.94444; 0.00000; 0.00000; 0.59056; 0.03915
6.94444; 0.00000; 0.00000; 0.63063; 0.04085
6.94444; 0.00000; 0.00000; 0.67234; 0.04242
6.94444; 0.00000; 0.00000; 0.71556; 0.04385
6.94444; -0.00000; -0.00000; 0.76014; 0.04515
6.94444; -0.00000; -0.00000; 0.80596; 0.04631
6.94444; -0.00000; -0.00000; 0.85286; 0.04734
6.94444; -0.00000; -0.00000; 0.90073; 0.04823
6.94444; -0.00000; -0.00000; 0.94942; 0.04899
6.94444; -0.00000; -0.00000; 0.99880; 0.04961
6.94444; -0.00000; -0.00000; 1.04873; 0.05010
6.94444; -0.00000; -0.00000; 1.09908; 0.05045
6.94444; -0.00000; -0.00000; 1.14971; 0.05067
6.94444; -0.00000; -0.00000; 1.20048; 0.05076
6.94444; -0.00000; -0.00000; 1.25126; 0.05071
6.94444; -0.00000; -0.00000; 1.30192; 0.05052
6.94444; -0.00000; -0.00001; 1.35231; 0.05020
6.94444; -0.00000; -0.00001; 1.40230; 0.04975
6.94444; -0.00001; -0.00001; 1.45176; 0.04915
6.94444; -0.00001; -0.00001; 1.50051; 0.04835
6.94444; -0.00001; -0.00002; 1.54827; 0.04721
6.94444; -0.00001; -0.00003; 1.59458; 0.04551
6.94444; -0.00002; -0.00003; 1.63877; 0.04304
6.94444; -0.00002; -0.00005; 1.67995; 0.03962
6.94444; -0.00003; -0.00006; 1.71716; 0.03520
6.94444; -0.00004; -0.00008; 1.74939; 0.02975
6.94444; -0.00005; -0.00010; 1.77565; 0.02327
6.94444; 0.00005; 0.00010; 1.79500; 0.01578
6.94444; 0.00111; 0.00220; 1.80706; 0.00741
6.94444; 0.00839; 0.01666; 1.81492; -0.00081
6.94444; 0.01347; 0.02677; 1.82115; -0.00834
6.94444; 0.01118; 0.02223; 1.82118; -0.01652
6.94444; 0.00857; 0.01705; 1.80997; -0.02643
6.94444; 0.00648; 0.01290; 1.78599; -0.03801
6.94444; 0.00488; 0.00973; 1.74826; -0.05093
6.94444; 0.00368; 0.00734; 1.69612; -0.06461
6.94444; 0.00277; 0.00553; 1.62939; -0.07836
6.94444; 0.00209; 0.00416; 1.54845; -0.09146
6.94444; 0.00157; 0.00313; 1.45423; -0.10340
6.94444; 0.00117; 0.00234; 1.34805; -0.11393
6.94444; 0.00087; 0.00175; 1.23136; -0.12301
6.94444; 0.00065; 0.00130; 1.10567; -0.13061
6.94444; 0.00048; 0.00096; 0.97251; -0.13674
6.94444; 0.00036; 0.00072; 0.83345; -0.14138
6.94444; 0.00027; 0.00053; 0.69007; -0.14453
6.94444; 0.00020; 0.00039; 0.54394; -0.14618
6.94444; 0.00015; 0.00029; 0.39669; -0.14634
6.94444; 0.00011; 0.00022; 0.24992; -0.14501
6.94444; 0.00008; 0.00016; 0.10521; -0.14225
6.94444; 0.00006; 0.00012; -0.03600; -0.13822
6.94444; 0.00004; 0.00009; -0.17249; -0.13318
6.94444; 0.00003; 0.00007; -0.30333; -0.12735
6.94444; 0.00002; 0.00005; -0.42784; -0.12093
6.94444; 0.00002; 0.00004; -0.54547; -0.11400
6.94444; 0.00001; 0.00003; -0.65573; -0.10655
6.94444; 0.00001; 0.00002; -0.75812; -0.09860
6.94444; 0.00001; 0.00002; -0.85216; -0.09014
6.94444; 0.00001; 0.00001; -0.93737; -0.08116
6.94444; 0.00000; 0.00001; -1.01327; -0.07168
6.94444; 0.00000; 0.00001; -1.07940; -0.06169
6.94444; 0.00000; 0.00000; -1.13529; -0.05120
6.94444; 0.00000; 0.00000; -1.18047; -0.04020
6.94444; 0.00000; 0.00000; -1.21450; -0.02871
6.94444; 0.00000; 0.00000; -1.23698; -0.01686
6.94444; 0.00000; 0.00000; -1.24770; -0.00493
6.94444; 0.00000; 0.00000; -1.24679; 0.00669
6.94444; 0.00000; 0.00000; -1.23474; 0.01760
6.94444; 0.00000; 0.00000; -1.21237; 0.02750
6.94444; -0.00000; -0.00000; -1.18071; 0.03627
6.94444; -0.00000; -0.00000; -1.14087; 0.04389
6.94444; -0.00000; -0.00000; -1.09394; 0.05038
6.94444; -0.00000; -0.00000; -1.04105; 0.05573
6.94444; -0.00000; -0.00000; -0.98330; 0.05995
6.94444; -0.00000; -0.00000; -0.92182; 0.06304
6.94444; -0.00000; -0.00000; -0.85773; 0.06500
6.94444; -0.00000; -0.00000; -0.79216; 0.06584
6.94444; -0.00000; -0.00000; -0.72625; 0.06558
6.94444; -0.00000; -0.00000; -0.66109; 0.06430
6.94444; -0.00000; -0.00000; -0.59760; 0.06224
6.94444; -0.00000; -0.00000; -0.53644; 0.05972
6.94444; -0.00000; -0.00000; -0.47789; 0.05708
6.94444; -0.00000; -0.00000; -0.42197; 0.05455
6.94444; -0.00000; -0.00000; -0.36849; 0.05224
6.94444; -0.00000; -0.00000; -0.31722; 0.05017
6.94444; -0.00000; -0.00000; -0.26792; 0.04833
6.94444; -0.00000; -0.00000; -0.22037; 0.04672
6.94444; -0.00000; -0.00000; -0.17431; 0.04535
6.94444; -0.00000; -0.00000; -0.12951; 0.04421
6.94444; -0.00000; -0.00000; -0.08574; 0.04331
6.94444; -0.00000; -0.00000; -0.04275; 0.04264
6.94444; -0.00000; -0.00000; -0.00032; 0.04221
6.94444; -0.00000; -0.00000; 0.04180; 0.04202
6.94444; -0.00000; -0.00000; 0.08384; 0.04206
6.94444; -0.00000; -0.00000; 0.12604; 0.04233
6.94444; -0.00000; -0.00000; 0.16864; 0.04284
6.94444; -0.00000; -0.00000; 0.21186; 0.04359
6.94444; 0.00000; 0.00000; 0.25596; 0.04457
6.94444; 0.00000; 0.00000; 0.30116; 0.04578
6.94444; 0.00000; 0.00000; 0.34771; 0.04723
6.94444; 0.00000; 0.00000; 0.39583; 0.04892
6.94444; 0.00000; 0.00000; 0.44577; 0.05084
6.94444; -0.00000; -0.00000; 0.49777; 0.05300
6.94444; -0.00000; -0.00000; 0.55206; 0.05538
6.94444; -0.00000; -0.00000; 0.60889; 0.05801
6.94444; -0.00000; -0.00000; 0.66511; 0.05179
6.94444; -0.00000; -0.00000; 0.71012; 0.04005
6.94444; -0.00000; -0.00000; 0.74954; 0.04205
6.94444; -0.00000; -0.00000; 0.79700; 0.05107
